{"type":"FeatureCollection","features":[{"type":"Feature","properties":{},"geometry":{"type":"Polygon","coordinates":[[[175.067625,-37.326111],[174.92061207855988,-37.06085817136488],[174.901457,-37.026297],[175.25151747034488,-36.96857286852317],[175.2830832310001,-36.988111635999985],[175.28365923100012,-36.98855027099995],[175.28665331700006,-36.993896448999976],[175.29108799400012,-37.008524197999975],[175.30217191200006,-37.05305285399993],[175.3028475640001,-37.05634694799994],[175.32094770046035,-37.173248512658176],[175.067625,-37.326111]]]}},{"type":"Feature","properties":{},"geometry":{"type":"Polygon","coordinates":[[[174.968748,-37.454861],[174.7064266625316,-37.38901455395459],[174.54156698300005,-37.084489230999964],[174.537595634,-37.075385842999935],[174.53498070500007,-37.06025590199994],[174.53475810600003,-37.058758619999935],[174.5357661270001,-37.053935981999985],[174.53665726100007,-37.051967386999934],[174.5418194780001,-37.04828763799998],[174.54832324900008,-37.045782129999964],[174.56308421800009,-37.04360589099997],[174.62723047500003,-37.036593162999964],[174.901457,-37.026297],[174.93862992269575,-37.093367450659],[175.067625,-37.326111],[174.968748,-37.454861]]]}},{"type":"Feature","properties":{},"geometry":{"type":"MultiPolygon","coordinates":[[[[173.3605373470001,-42.804533720999984,0.0],[173.36033826000005,-42.805434521999985,0.0],[173.35952758000008,-42.80648571399996,0.0],[173.35952396900007,-42.80650643299998,0.0],[173.35932923200005,-42.80753497999996,0.0],[173.35770466100007,-42.80889023799995,0.0],[173.3569909910001,-42.80919875699993,0.0],[173.35526168,-42.80994630599997,0.0],[173.35494609300008,-42.81100690899996,0.0],[173.3548595310001,-42.81129781499993,0.0],[173.35420094200003,-42.81196913799994,0.0],[173.35161321900011,-42.814606724999976,0.0],[173.35100762800005,-42.81565722499994,0.0],[173.35081165200006,-42.817156643999965,0.0],[173.3493850850001,-42.817908028999966,0.0],[173.34756154000002,-42.81986230299998,0.0],[173.34451052200006,-42.82212168399997,0.0],[173.34369853400005,-42.823024206999946,0.0],[173.34227384000008,-42.82347846999994,0.0],[173.34085265700003,-42.82483287799994,0.0],[173.3400449720001,-42.82633400599997,0.0],[173.3395278270001,-42.82658754899995,0.0],[173.33943462800005,-42.82723589899996,0.0],[173.33760181200012,-42.82753825299994,0.0],[173.33617569000012,-42.82827086399993,0.0],[173.3349587230001,-42.828896002999954,0.0],[173.33272014400006,-42.830698189999964,0.0],[173.33099258800007,-42.83343658499996,0.0],[173.32841501300004,-42.83752186799995,0.0],[173.32826533200011,-42.83775908499996,0.0],[173.32561891000012,-42.83881509899993,0.0],[173.3211506870001,-42.843476763999945,0.0],[173.31648367600008,-42.84963761199998,0.0],[173.315737301,-42.85108788499997,0.0],[173.31486225600008,-42.852788078999936,0.0],[173.3135985670001,-42.854581887999984,0.0],[173.31242961400005,-42.85624217399993,0.0],[173.31121482800006,-42.858797426999956,0.0],[173.31081582000002,-42.861048927999946,0.0],[173.30980142700002,-42.86255030399997,0.0],[173.30900535700005,-42.86749895699995,0.0],[173.30901265300008,-42.86900215399993,0.0],[173.31167375200005,-42.87139418199996,0.0],[173.31188297800009,-42.87214530999995,0.0],[173.3110690950001,-42.87289462999996,0.0],[173.31066858400004,-42.87484451299997,0.0],[173.3108741750001,-42.87559565299995,0.0],[173.3132463881364,-42.87785464364122,0.0],[173.315253,-42.879766,0.0],[173.31542975275468,-42.87993378321191,0.0],[173.3155875430001,-42.88008402799994,0.0],[173.31566404216878,-42.88009711071875,0.0],[173.315733,-42.880109,0.0],[173.31611264762947,-42.880173826974996,0.0],[173.31675181800006,-42.88028313099994,0.0],[173.31887251511858,-42.880645755942766,0.0],[173.31906053497582,-42.88067792044844,0.0],[173.31928686958906,-42.88089761587079,0.0],[173.319675,-42.881275,0.0],[173.318873,-42.884878,0.0],[173.318264,-42.885478,0.0],[173.31541,-42.886984,0.0],[173.31496032404795,-42.887032797253035,0.0],[173.3146822010001,-42.88706275499993,0.0],[173.3111251360001,-42.88744583299996,0.0],[173.31048534242373,-42.88777271592109,0.0],[173.308478,-42.888798,0.0],[173.3042977665015,-42.892028647287205,0.0],[173.30400140400002,-42.89225767199997,0.0],[173.30400134654607,-42.89225773217569,0.0],[173.304001,-42.892258,0.0],[173.30326277606605,-42.893031291082316,0.0],[173.3015588190001,-42.89481596999997,0.0],[173.30156069100008,-42.89521479599995,0.0],[173.3015677077073,-42.89670898935367,0.0],[173.301572,-42.897665,0.0],[173.30122498745132,-42.898050000392246,0.0],[173.3007586330081,-42.898567147179044,0.0],[173.300567,-42.898644,0.0],[173.296273,-42.900374,0.0],[173.295255,-42.901128,0.0],[173.29525471579248,-42.90112842053611,0.0],[173.2952546260001,-42.90112848699994,0.0],[173.29508261742941,-42.901383071008084,0.0],[173.293631,-42.903531,0.0],[173.292409,-42.904583,0.0],[173.290378,-42.907734,0.0],[173.289439,-42.908477,0.0],[173.287523,-42.908641,0.0],[173.28503910651858,-42.91047508669296,0.0],[173.28487443200004,-42.910596649999945,0.0],[173.28263244300013,-42.911200571999984,0.0],[173.28124851557342,-42.91128121709401,0.0],[173.279976,-42.911355,0.0],[173.27887787061024,-42.91103610150435,0.0],[173.27793414400003,-42.91076163599996,0.0],[173.27424815900008,-42.90791662899994,0.0],[173.2738385990001,-42.908066074999965,0.0],[173.27384495100011,-42.90956935699995,0.0],[173.27446300100007,-42.91091820499997,0.0],[173.2762634648876,-42.91176320601081,0.0],[173.277326,-42.912262,0.0],[173.27904533486458,-42.91225779036584,0.0],[173.28018521481943,-42.91225512233745,0.0],[173.28202688761382,-42.91330393599723,0.0],[173.2791741650001,-42.91570958099993,0.0],[173.27815801300005,-42.917210756999964,0.0],[173.2773455350001,-42.917662716999985,0.0],[173.27497693353348,-42.920130663452404,0.0],[173.273886,-42.921267,0.0],[173.271643,-42.923221,0.0],[173.2714449795926,-42.9232861070369,0.0],[173.2698086480001,-42.92382373199996,0.0],[173.2687889890001,-42.92457773199993,0.0],[173.26879094600008,-42.925027805999946,0.0],[173.26879280100002,-42.92547787999996,0.0],[173.2663224217663,-42.92859034255359,0.0],[173.265336,-42.929833,0.0],[173.26248,-42.931937,0.0],[173.26174213313843,-42.93302813481128,0.0],[173.26085472800003,-42.93433961599993,0.0],[173.25929759013488,-42.93561547961691,0.0],[173.259021,-42.935842,0.0],[173.25902067780072,-42.93584237177601,0.0],[173.25902065800005,-42.93584238799997,0.0],[173.25576467400003,-42.939598613999976,0.0],[173.25422951818186,-42.94186563598192,0.0],[173.253121,-42.943502,0.0],[173.250266,-42.944858,0.0],[173.24959347881128,-42.94538829331829,0.0],[173.24740965600006,-42.94711009699995,0.0],[173.24695245158793,-42.94765827163926,0.0],[173.245781,-42.949062,0.0],[173.245581,-42.950264,0.0],[173.24558129082922,-42.95026421170656,0.0],[173.24558124600003,-42.95026448099998,0.0],[173.24573576591916,-42.95037666048527,0.0],[173.245989,-42.950561,0.0],[173.2459902459306,-42.950811432055026,0.0],[173.24599159100012,-42.95116384199997,0.0],[173.2456100012545,-42.95138914660834,0.0],[173.244974,-42.951764,0.0],[173.24471817437322,-42.952237308837766,0.0],[173.24456668800008,-42.95251694399997,0.0],[173.2432073677032,-42.953458042705265,0.0],[173.241098,-42.954918,0.0],[173.239468,-42.95552,0.0],[173.23314886377972,-42.95901238053764,0.0],[173.23211971400008,-42.95958111699997,0.0],[173.22517880100008,-42.96259191499996,0.0],[173.2231639273593,-42.96415285342147,0.0],[173.221102,-42.96575,0.0],[173.212117,-42.969209,0.0],[173.207416,-42.970266,0.0],[173.20472825668818,-42.971612504633285,0.0],[173.20231230900004,-42.97282257299997,0.0],[173.19802452200008,-42.97447695499994,0.0],[173.19679810700006,-42.97552768299994,0.0],[173.1929241647226,-42.97610080564717,0.0],[173.191692,-42.976283,0.0],[173.19096847944758,-42.97675708497318,0.0],[173.1898530750001,-42.977487724999946,0.0],[173.18922017954282,-42.977603656061554,0.0],[173.188217,-42.977787,0.0],[173.18597000622555,-42.97869099749537,0.0],[173.18595355010657,-42.978691022990766,0.0],[173.183108,-42.978695,0.0],[173.18012499418182,-42.9793961026361,0.0],[173.17861512700006,-42.979750782999986,0.0],[173.17660787220285,-42.979844825405735,0.0],[173.175342,-42.979904,0.0],[173.170228,-42.978408,0.0],[173.167982,-42.978411,0.0],[173.166755,-42.97916,0.0],[173.16675492146942,-42.97916012695776,0.0],[173.16675474600004,-42.97916023399995,0.0],[173.16629891772874,-42.97989733300521,0.0],[173.16573502859134,-42.98080895377734,0.0],[173.1641049317793,-42.98156438673151,0.0],[173.162032,-42.982525,0.0],[173.16175389903844,-42.982653909782734,0.0],[173.1602220520001,-42.98336374499996,0.0],[173.15511075300003,-42.985467738999944,0.0],[173.15184185600003,-42.98592201699995,0.0],[173.15101652293436,-42.98615027508943,0.0],[173.148573,-42.986826,0.0],[173.148401,-42.986844,0.0],[173.14676689639543,-42.98701585110371,0.0],[173.14571030600007,-42.987126701999955,0.0],[173.14141764500005,-42.989382184999954,0.0],[173.1395818960001,-42.99103158599996,0.0],[173.13590271500004,-42.993731681999975,0.0],[173.13571561000003,-42.99397589299997,0.0],[173.1340657940001,-42.99613267799998,0.0],[173.13341263000672,-42.99654438110687,0.0],[173.132635,-42.997034,0.0],[173.1318251461505,-42.99784094767541,0.0],[173.13179898200008,-42.99786699799995,0.0],[173.13174946156633,-42.99791641254185,0.0],[173.131012,-42.998652,0.0],[173.129775,-42.999886,0.0],[173.1282188147346,-43.00186294448861,0.0],[173.1275299980001,-43.00273782399995,0.0],[173.115145782,-43.012821981999934,0.0],[173.10924609347498,-43.01797725812868,0.0],[173.107627,-43.019392,0.0],[173.102728,-43.024797,0.0],[173.09982899882402,-43.02741660380429,0.0],[173.0955788660001,-43.03125671599997,0.0],[173.09374191900008,-43.033810012999936,0.0],[173.09203773700006,-43.03575904199994,0.0],[173.0908825201,-43.037080068358115,0.0],[173.088228,-43.040115,0.0],[173.086186,-43.042817,0.0],[173.082916,-43.045974,0.0],[173.0829159189405,-43.045974179446226,0.0],[173.0829157920001,-43.045974301999934,0.0],[173.08283325015697,-43.04615718822746,0.0],[173.082509,-43.046875,0.0],[173.083941,-43.048521,0.0],[173.0836835437351,-43.049090313607884,0.0],[173.08353381693132,-43.04942115390048,0.0],[173.08254347886154,-43.05025370225686,0.0],[173.08210277463544,-43.05062411029415,0.0],[173.08197964111608,-43.05068437224804,0.0],[173.07903602900012,-43.05212477899994,0.0],[173.07616964500005,-43.05182952699994,0.0],[173.0739214869172,-43.051830844988004,0.0],[173.073509,-43.051831,0.0],[173.07142064691337,-43.051258201871775,0.0],[173.06859762500005,-43.05048365899995,0.0],[173.06615357795212,-43.05055256413634,0.0],[173.063072,-43.050639,0.0],[173.06055394490048,-43.049929555475345,0.0],[173.06041048800012,-43.04988911299995,0.0],[173.05897694600003,-43.04853956299996,0.0],[173.0575508976987,-43.04784494932627,0.0],[173.056521,-43.047343,0.0],[173.05070265047476,-43.04722848110749,0.0],[173.04915355600008,-43.047197867999955,0.0],[173.0454721000001,-43.04795079599995,0.0],[173.0407420260001,-43.049424957999975,0.0],[173.03872032000004,-43.05005471199996,0.0],[173.03815956510365,-43.05026035309935,0.0],[173.037249,-43.050594,0.0],[173.031353,-43.052757,0.0],[173.0266349037639,-43.05521959607978,0.0],[173.02214874600008,-43.05756092299998,0.0],[173.01982194078494,-43.05834834757432,0.0],[173.011506,-43.061162,0.0],[173.008437,-43.063264,0.0],[173.0059184573585,-43.06459947688508,0.0],[173.004751821,-43.06521781499998,0.0],[173.00147610800002,-43.067616613999974,0.0],[173.0007570837337,-43.068011868670894,0.0],[172.99973,-43.068576,0.0],[172.99831862833665,-43.06935230056826,0.0],[172.9982014750001,-43.06941669999998,0.0],[172.9982014515355,-43.06941675164071,0.0],[172.998201,-43.069417,0.0],[172.997792,-43.070317,0.0],[172.99730484742886,-43.07080921776608,0.0],[172.99615678100008,-43.07196850099996,0.0],[172.9924685670969,-43.073415431665055,0.0],[172.990422,-43.074218,0.0],[172.985715,-43.075122,0.0],[172.98314111236897,-43.07603285361509,0.0],[172.97977774600008,-43.07722272199993,0.0],[172.97363524500008,-43.07797278299995,0.0],[172.97220058800008,-43.07871952399995,0.0],[172.9699260522134,-43.079275588029944,0.0],[172.96913,-43.07947,0.0],[172.966876,-43.081121,0.0],[172.959708,-43.084269,0.0],[172.953361,-43.085621,0.0],[172.95172437983805,-43.08574292174739,0.0],[172.9453744440001,-43.08621567999995,0.0],[172.93861644300011,-43.08711661799998,0.0],[172.9374088671125,-43.08772225710605,0.0],[172.934689,-43.089086,0.0],[172.93307902238243,-43.08989371926729,0.0],[172.93144584200002,-43.09071271399995,0.0],[172.93047205863735,-43.09142513768607,0.0],[172.928987,-43.092511,0.0],[172.92694299603556,-43.09320077461112,0.0],[172.92632327400008,-43.093409743999985,0.0],[172.92181855900003,-43.093856639999956,0.0],[172.9202906622296,-43.09415550347078,0.0],[172.918747,-43.094457,0.0],[172.91590977360687,-43.09589908621933,0.0],[172.9140329930001,-43.09685269299996,0.0],[172.9136633102128,-43.09696130755484,0.0],[172.913009,-43.097153,0.0],[172.907273,-43.09745,0.0],[172.90675379334903,-43.09761256888863,0.0],[172.90297111900009,-43.09879661999997,0.0],[172.89600659300004,-43.098641681999936,0.0],[172.89516884608454,-43.09845238381919,0.0],[172.893346,-43.09804,0.0],[172.889464,-43.098275,0.0],[172.888432,-43.098337,0.0],[172.886176,-43.099086,0.0],[172.884739,-43.100435,0.0],[172.8842122114201,-43.100819929990074,0.0],[172.88146029400002,-43.10283054399997,0.0],[172.8789768508035,-43.103954356858985,0.0],[172.877154,-43.104779,0.0],[172.87648473866298,-43.10526707107262,0.0],[172.87551408500008,-43.10597450199998,0.0],[172.87547730809013,-43.10601169190986,0.0],[172.875444,-43.106045,0.0],[172.872846,-43.108676,0.0],[172.862239,-43.116914,0.0],[172.860532,-43.119013,0.0],[172.85924725293026,-43.12020258062013,0.0],[172.8582097850001,-43.12116281599998,0.0],[172.85764753687195,-43.12168311121484,0.0],[172.85745320286247,-43.12186281241251,0.0],[172.85694946693633,-43.12198386432366,0.0],[172.856224,-43.122158,0.0],[172.85579348272626,-43.12235464309093,0.0],[172.85458154900005,-43.12290773899997,0.0],[172.8535535850001,-43.125156741999945,0.0],[172.85109236100004,-43.12650366499997,0.0],[172.84760181900003,-43.12905089399993,0.0],[172.84534117400005,-43.13114962299994,0.0],[172.84431580700004,-43.131746755999984,0.0],[172.8402178030001,-43.13144391599997,0.0],[172.83981885577606,-43.1315903854122,0.0],[172.8394,-43.131744,0.0],[172.83939969782742,-43.131744274986254,0.0],[172.83939967600008,-43.13174428299993,0.0],[172.83775484500006,-43.133240608999984,0.0],[172.83713541232115,-43.13354097908741,0.0],[172.836524,-43.133837,0.0],[172.83496705187372,-43.13398026579346,0.0],[172.83488293100004,-43.133987984999976,0.0],[172.83486098950047,-43.133983932939856,0.0],[172.832426,-43.133534,0.0],[172.83217439459975,-43.133518763027006,0.0],[172.83178206800005,-43.133494602999974,0.0],[172.8299682910001,-43.13338199499998,0.0],[172.82996821509997,-43.13338201339928,0.0],[172.829968,-43.133382,0.0],[172.828123,-43.133829,0.0],[172.82753653191992,-43.13379283016246,0.0],[172.82630723800003,-43.13371663099997,0.0],[172.82577374000005,-43.13368374899994,0.0],[172.82567819400003,-43.13367785999998,0.0],[172.82566324800007,-43.13367693899994,0.0],[172.82566308735528,-43.133677005823685,0.0],[172.825663,-43.133677,0.0],[172.82564698484134,-43.133683704019894,0.0],[172.8256196970001,-43.133695054999976,0.0],[172.82512959202435,-43.133898925043106,0.0],[172.82423,-43.134273,0.0],[172.822997,-43.134271,0.0],[172.82028749922932,-43.13301209637463,0.0],[172.81910980200007,-43.132464769999956,0.0],[172.8178918870001,-43.13246277099995,0.0],[172.817579527059,-43.13246225601681,0.0],[172.817472,-43.132462,0.0],[172.81747207055437,-43.13246207885488,0.0],[172.81747155200003,-43.132462077999946,0.0],[172.81750805060287,-43.13250229185026,0.0],[172.817523,-43.132519,0.0],[172.81828970480544,-43.13336367478567,0.0],[172.81356177100008,-43.13800957099994,0.0],[172.80821798800002,-43.14280286699994,0.0],[172.80729197750097,-43.143772636442314,0.0],[172.804927,-43.146249,0.0],[172.802872,-43.147893,0.0],[172.80206189211418,-43.1482994119415,0.0],[172.7995906110001,-43.14953881799994,0.0],[172.79909529500003,-43.150137610999934,0.0],[172.79904399768384,-43.150181180874704,0.0],[172.798782,-43.150403,0.0],[172.79809093515203,-43.15082399352807,0.0],[172.7977378390001,-43.15103879099996,0.0],[172.79775958928934,-43.15108672369221,0.0],[172.797928,-43.151459,0.0],[172.79808209856427,-43.15179745392425,0.0],[172.79814661700004,-43.15193963499996,0.0],[172.79814694305654,-43.15193987493237,0.0],[172.798147,-43.15194,0.0],[172.79875981794814,-43.152390866059726,0.0],[172.7948507960001,-43.15688452899997,0.0],[172.78806340900007,-43.16392456899996,0.0],[172.78806339683408,-43.1639245884337,0.0],[172.788063,-43.163925,0.0],[172.784968,-43.168869,0.0],[172.780644,-43.174113,0.0],[172.777759,-43.178757,0.0],[172.77466440684086,-43.1813663064857,0.0],[172.77385010900002,-43.18205285799996,0.0],[172.77384750645996,-43.18205624255745,0.0],[172.769935,-43.187144,0.0],[172.76951249181093,-43.18856886309033,0.0],[172.76931196700002,-43.18924481499994,0.0],[172.7680748460001,-43.19104254499996,0.0],[172.7678892842118,-43.19171354113912,0.0],[172.767659,-43.192545,0.0],[172.768067,-43.192996,0.0],[172.7665,-43.194941,0.0],[172.76486060951316,-43.196975921347345,0.0],[172.76312215300004,-43.19913351799994,0.0],[172.75404583300008,-43.21172062499994,0.0],[172.75342310200006,-43.21351950799993,0.0],[172.75305801168827,-43.21365086166299,0.0],[172.753013,-43.213667,0.0],[172.75301296637147,-43.21366706824852,0.0],[172.75301267800012,-43.21366717199993,0.0],[172.7509438080001,-43.21786623599996,0.0],[172.75031178900008,-43.21991283999995,0.0],[172.7502306968082,-43.22017542416368,0.0],[172.75011,-43.220565,0.0],[172.746598,-43.226858,0.0],[172.74546471192835,-43.22972496284247,0.0],[172.74513692900007,-43.23055392599997,0.0],[172.7432785090001,-43.23525332699995,0.0],[172.7399749010001,-43.24049805399994,0.0],[172.73975764300008,-43.24319797099997,0.0],[172.7372775650001,-43.24724287099997,0.0],[172.73450228300447,-43.25302915693792,0.0],[172.733754,-43.254589,0.0],[172.7337383130125,-43.25462625659529,0.0],[172.73373808500003,-43.25462679299994,0.0],[172.73188975100004,-43.25848195599997,0.0],[172.73161898856978,-43.25965046621435,0.0],[172.731264,-43.261181,0.0],[172.73037454650674,-43.26329314576087,0.0],[172.7298116190001,-43.26462942599994,0.0],[172.7292109369161,-43.26796797144141,0.0],[172.724411,-43.265795,0.0],[172.473433,-43.127756,0.0],[172.448063,-43.122301,0.0],[172.425412,-43.109796,0.0],[172.370436,-43.083641,0.0],[172.301437,-43.043389,0.0],[172.691522,-42.65004,0.0],[172.801766,-42.690784,0.0],[172.826237,-42.702718,0.0],[172.836735,-42.706393,0.0],[172.844687,-42.705666,0.0],[172.861281,-42.702179,0.0],[172.868381,-42.703778,0.0],[172.883958,-42.700908,0.0],[172.911672,-42.691607,0.0],[172.934128,-42.680546,0.0],[172.942638,-42.67507,0.0],[172.950043,-42.672692,0.0],[172.953171,-42.66894,0.0],[172.963542,-42.665967,0.0],[172.966426,-42.663046,0.0],[172.979048,-42.657189,0.0],[172.980937,-42.65355,0.0],[172.988824,-42.648788,0.0],[172.996366,-42.651375,0.0],[173.009382,-42.648955,0.0],[173.02099,-42.647128,0.0],[173.031866,-42.654065,0.0],[173.028918,-42.661378,0.0],[173.034051,-42.6765,0.0],[173.05259,-42.686522,0.0],[173.190718,-42.730289,0.0],[173.36072883407746,-42.804427274477696,0.0],[173.3605373470001,-42.804533720999984,0.0]]],[[[173.07557088734208,-43.06323001692616,0.0],[173.07476375355307,-43.06335128385641,0.0],[173.07454611200012,-43.06338390999997,0.0],[173.07423317132984,-43.06315311176487,0.0],[173.07372905369763,-43.062781039632405,0.0],[173.07372807600007,-43.06188118299997,0.0],[173.07413671400002,-43.061732365999944,0.0],[173.07480409051917,-43.062220909989605,0.0],[173.075365,-43.062632,0.0],[173.07552777524612,-43.063104522316436,0.0],[173.07557088734208,-43.06323001692616,0.0]]]]}},{"type":"Feature","properties":{},"geometry":{"type":"MultiPolygon","coordinates":[[[[171.977757,-43.320297,0.0],[171.929297,-43.279365,0.0],[171.617682,-43.47558,0.0],[171.617176,-43.476924,0.0],[171.61727,-43.477833,0.0],[171.618018,-43.479183,0.0],[171.623205,-43.482195,0.0],[171.62508,-43.483672,0.0],[171.625228,-43.486066,0.0],[171.624406,-43.487491,0.0],[171.624393,-43.489718,0.0],[171.625656,-43.491432,0.0],[171.625607,-43.492805,0.0],[171.624736,-43.493684,0.0],[171.625483,-43.49538,0.0],[171.627231,-43.49654,0.0],[171.630439,-43.497078,0.0],[171.632562,-43.497967,0.0],[171.633891,-43.499496,0.0],[171.633888,-43.50025,0.0],[171.632509,-43.501509,0.0],[171.631638,-43.503342,0.0],[171.632043,-43.504207,0.0],[171.633625,-43.505065,0.0],[171.634816,-43.505287,0.0],[171.637196,-43.504922,0.0],[171.640585,-43.505499,0.0],[171.643758,-43.507276,0.0],[171.64444,-43.507965,0.0],[171.643572,-43.509593,0.0],[171.642008,-43.51123,0.0],[171.641625,-43.512077,0.0],[171.641548,-43.5129,0.0],[171.642594,-43.513301,0.0],[171.64606,-43.514041,0.0],[171.646383,-43.515084,0.0],[171.647935,-43.515491,0.0],[171.652064,-43.514934,0.0],[171.654228,-43.515064,0.0],[171.656324,-43.515509,0.0],[171.658244,-43.516028,0.0],[171.658478,-43.516317,0.0],[171.657744,-43.517114,0.0],[171.657822,-43.517806,0.0],[171.658107,-43.518037,0.0],[171.658827,-43.518749,0.0],[171.660332,-43.519955,0.0],[171.663043,-43.521496,0.0],[171.66562,-43.523404,0.0],[171.666223,-43.52581,0.0],[171.667859,-43.528006,0.0],[171.668984,-43.5296,0.0],[171.669605,-43.529924,0.0],[171.670673,-43.5297,0.0],[171.672553,-43.529751,0.0],[171.674941,-43.530785,0.0],[171.676368,-43.53217,0.0],[171.678021,-43.533508,0.0],[171.683868,-43.536576,0.0],[171.686411,-43.538338,0.0],[171.689179,-43.539,0.0],[171.690595,-43.538953,0.0],[171.694472,-43.538363,0.0],[171.696031,-43.538302,0.0],[171.70181,-43.538429,0.0],[171.704699,-43.537561,0.0],[171.706013,-43.537507,0.0],[171.70744,-43.538144,0.0],[171.70892,-43.538486,0.0],[171.714427,-43.539346,0.0],[171.719719,-43.541823,0.0],[171.726356,-43.546529,0.0],[171.727871,-43.548225,0.0],[171.729958,-43.549503,0.0],[171.733102,-43.552866,0.0],[171.73519,-43.557333,0.0],[171.739811,-43.561488,0.0],[171.741756,-43.562458,0.0],[171.74436,-43.564461,0.0],[171.745447,-43.565917,0.0],[171.74702,-43.566528,0.0],[171.748022,-43.567874,0.0],[171.748567,-43.568141,0.0],[171.750086,-43.569358,0.0],[171.752088,-43.570225,0.0],[171.754219,-43.571091,0.0],[171.755476,-43.572388,0.0],[171.756704,-43.57405,0.0],[171.757701,-43.574576,0.0],[171.758921,-43.574632,0.0],[171.760246,-43.574495,0.0],[171.760836,-43.574719,0.0],[171.762873,-43.575229,0.0],[171.764546,-43.576932,0.0],[171.767291,-43.577665,0.0],[171.770808,-43.579628,0.0],[171.77312,-43.581752,0.0],[171.773811,-43.583207,0.0],[171.77596,-43.584599,0.0],[171.776397,-43.58552,0.0],[171.776069,-43.587236,0.0],[171.778417,-43.590792,0.0],[171.780454,-43.592433,0.0],[171.781601,-43.592958,0.0],[171.783076,-43.593967,0.0],[171.784808,-43.594851,0.0],[171.787102,-43.596648,0.0],[171.787992,-43.596897,0.0],[171.79605,-43.59929,0.0],[171.797573,-43.600408,0.0],[171.798303,-43.602209,0.0],[171.799849,-43.604072,0.0],[171.800709,-43.604564,0.0],[171.801571,-43.606296,0.0],[171.802095,-43.608702,0.0],[171.803314,-43.610096,0.0],[171.803434,-43.610958,0.0],[171.805651,-43.613054,0.0],[171.807938,-43.614948,0.0],[171.809253,-43.616686,0.0],[171.810595,-43.617674,0.0],[171.813451,-43.618782,0.0],[171.815816,-43.620687,0.0],[171.815999,-43.621327,0.0],[171.816794,-43.621924,0.0],[171.817697,-43.622248,0.0],[171.818818,-43.622151,0.0],[171.81996,-43.622255,0.0],[171.821145,-43.623447,0.0],[171.823312,-43.623864,0.0],[171.823697,-43.625072,0.0],[171.825843,-43.626742,0.0],[171.828313,-43.62951,0.0],[171.829131,-43.629856,0.0],[171.830852,-43.63117,0.0],[171.831978,-43.631963,0.0],[171.833285,-43.633208,0.0],[171.833882,-43.633338,0.0],[171.834346,-43.633318,0.0],[171.835188,-43.633588,0.0],[171.836245,-43.634014,0.0],[171.837173,-43.634501,0.0],[171.837539,-43.635085,0.0],[171.838221,-43.635694,0.0],[171.838967,-43.635978,0.0],[171.839686,-43.63608,0.0],[171.840525,-43.636097,0.0],[171.841688,-43.636224,0.0],[171.842725,-43.636665,0.0],[171.843384,-43.637235,0.0],[171.843714,-43.637817,0.0],[171.843817,-43.638825,0.0],[171.84398,-43.639227,0.0],[171.844864,-43.639689,0.0],[171.845989,-43.641016,0.0],[171.846092,-43.641994,0.0],[171.845483,-43.643142,0.0],[171.845638,-43.643607,0.0],[171.846034,-43.643945,0.0],[171.846998,-43.64459,0.0],[171.847638,-43.645446,0.0],[171.848919,-43.645947,0.0],[171.850666,-43.646949,0.0],[171.851885,-43.647928,0.0],[171.852393,-43.648488,0.0],[171.853118,-43.649421,0.0],[171.853843,-43.649703,0.0],[171.854434,-43.650328,0.0],[171.854931,-43.651112,0.0],[171.855494,-43.651592,0.0],[171.856064,-43.651716,0.0],[171.857074,-43.652086,0.0],[171.858022,-43.652673,0.0],[171.858974,-43.653163,0.0],[171.86002,-43.65349,0.0],[171.860824,-43.653523,0.0],[171.862088,-43.653745,0.0],[171.863115,-43.654127,0.0],[171.86401,-43.654859,0.0],[171.864169,-43.655609,0.0],[171.864788,-43.656085,0.0],[171.865639,-43.656105,0.0],[171.866612,-43.656238,0.0],[171.867186,-43.656815,0.0],[171.867518,-43.657472,0.0],[171.867581,-43.657792,0.0],[171.867777,-43.657955,0.0],[171.869583,-43.658848,0.0],[171.870234,-43.659331,0.0],[171.870848,-43.659644,0.0],[171.871261,-43.659742,0.0],[171.87183,-43.659813,0.0],[171.872754,-43.659739,0.0],[171.873357,-43.659995,0.0],[171.873746,-43.660474,0.0],[171.874654,-43.660906,0.0],[171.875613,-43.661117,0.0],[171.876885,-43.661632,0.0],[171.877885,-43.662477,0.0],[171.878512,-43.6637,0.0],[171.879424,-43.664346,0.0],[171.880602,-43.664923,0.0],[171.880761,-43.665152,0.0],[171.881091,-43.665552,0.0],[171.882331,-43.666229,0.0],[171.882986,-43.666681,0.0],[171.883331,-43.66684,0.0],[171.884236,-43.666941,0.0],[171.884865,-43.666941,0.0],[171.885608,-43.667112,0.0],[171.886752,-43.66733,0.0],[171.887215,-43.667331,0.0],[171.887669,-43.667365,0.0],[171.888362,-43.667603,0.0],[171.889212,-43.667784,0.0],[171.889667,-43.66799,0.0],[171.890106,-43.668278,0.0],[171.890533,-43.668605,0.0],[171.890915,-43.669027,0.0],[171.891208,-43.669437,0.0],[171.891449,-43.669714,0.0],[171.892039,-43.670035,0.0],[171.892961,-43.670412,0.0],[171.893647,-43.670964,0.0],[171.893839,-43.671215,0.0],[171.894009,-43.671578,0.0],[171.894391,-43.672287,0.0],[171.896272,-43.673116,0.0],[172.047956,-43.615975,0.0],[172.278669,-43.567238,0.0],[172.521579,-43.544828,0.0],[172.298691,-43.487391,0.0],[172.11646,-43.420126,0.0],[171.977757,-43.320297,0.0]]]]}},{"type":"Feature","properties":{},"geometry":{"type":"MultiPolygon","coordinates":[[[[172.7289614285607,-43.26935471994748,0.0],[172.728759,-43.270478,0.0],[172.72839466779183,-43.27124257839883,0.0],[172.72791667900003,-43.27224495699994,0.0],[172.72723864357835,-43.27366673807298,0.0],[172.726686,-43.274825,0.0],[172.72647,-43.276773,0.0],[172.72587190764463,-43.277929215575874,0.0],[172.72522762100004,-43.27917354899995,0.0],[172.72379773500006,-43.279912612999965,0.0],[172.72313660070563,-43.28195311328237,0.0],[172.72297,-43.282467,0.0],[172.72261863320304,-43.28360936238532,0.0],[172.72255208800004,-43.28382565299995,0.0],[172.72242065842593,-43.28426821723781,0.0],[172.721391,-43.287735,0.0],[172.719616,-43.29371,0.0],[172.71942057937966,-43.294963291389486,0.0],[172.71919463500012,-43.296409696999945,0.0],[172.71759701857985,-43.30049044348569,0.0],[172.716494,-43.303307,0.0],[172.7159052452423,-43.307465253775234,0.0],[172.71585697400008,-43.30780598999996,0.0],[172.71565982900006,-43.30844352999998,0.0],[172.71522869763203,-43.30983765855211,0.0],[172.714605,-43.311853,0.0],[172.713761,-43.316203,0.0],[172.713329,-43.321004,0.0],[172.71229,-43.323549,0.0],[172.711749,-43.326057,0.0],[172.711449,-43.327449,0.0],[172.711117,-43.331187,0.0],[172.7110825703372,-43.33157720284511,0.0],[172.71106888000008,-43.33173126699995,0.0],[172.71058291200006,-43.33719959199993,0.0],[172.71017635478563,-43.338294814038704,0.0],[172.710089,-43.33853,0.0],[172.709748,-43.339448,0.0],[172.708903,-43.344698,0.0],[172.70892019173564,-43.34554223701885,0.0],[172.7090706670001,-43.35294778999997,0.0],[172.70777865500008,-43.36509595999996,0.0],[172.70834974700006,-43.366954851999935,0.0],[172.7087929800001,-43.368397485999935,0.0],[172.70879093452652,-43.3688231760238,0.0],[172.70876,-43.375206,0.0],[172.70875339471735,-43.376635383167695,0.0],[172.70874466600003,-43.378451534999954,0.0],[172.70955486100002,-43.38115394099998,0.0],[172.70994384200003,-43.38625402599996,0.0],[172.7097349692227,-43.38685603697241,0.0],[172.709114,-43.387602,0.0],[172.705816,-43.388795,0.0],[172.7058160932516,-43.38879513867949,0.0],[172.70581568600005,-43.38879528599995,0.0],[172.7068275150001,-43.39029980099997,0.0],[172.7068278088461,-43.39029971572469,0.0],[172.706828,-43.3903,0.0],[172.70683262669064,-43.390298317567044,0.0],[172.70683893800003,-43.390296485999954,0.0],[172.70835112710537,-43.390742129029135,0.0],[172.70992,-43.391205,0.0],[172.71062369820046,-43.39185041381845,0.0],[172.71074103700005,-43.39195813499998,0.0],[172.71135386000003,-43.39285985699996,0.0],[172.71140085600007,-43.39360587899995,0.0],[172.71202491600002,-43.403510352999945,0.0],[172.7121196170001,-43.40501307499994,0.0],[172.71288873096643,-43.40786394792985,0.0],[172.71293,-43.408017,0.0],[172.71292917829263,-43.408209964279834,0.0],[172.71290583782945,-43.41365298577948,0.0],[172.646512,-43.407831,0.0],[172.573684,-43.480535,0.0],[172.521579,-43.544828,0.0],[172.442878,-43.524612,0.0],[172.298691,-43.487391,0.0],[172.11646,-43.420126,0.0],[171.977757,-43.320297,0.0],[171.929297,-43.279365,0.0],[172.301437,-43.043389,0.0],[172.370436,-43.083641,0.0],[172.425412,-43.109796,0.0],[172.448063,-43.122301,0.0],[172.473433,-43.127756,0.0],[172.724411,-43.265795,0.0],[172.72916669826105,-43.26821384652933,0.0],[172.7289614285607,-43.26935471994748,0.0]]]]}},{"type":"Feature","properties":{},"geometry":{"type":"MultiPolygon","coordinates":[[[[172.71290491800005,-43.41386749099996,0.0],[172.71349253000005,-43.42016960799998,0.0],[172.71430893700006,-43.42197189799998,0.0],[172.71409368800005,-43.423618472999976,0.0],[172.7136802340001,-43.42436906399996,0.0],[172.71426872100005,-43.43052262699996,0.0],[172.71444470300003,-43.436972234999985,0.0],[172.71525150700006,-43.440876135999986,0.0],[172.71522025800004,-43.44801669999998,0.0],[172.71521605500004,-43.448976810999966,0.0],[172.71577083400007,-43.451202498999976,0.0],[172.7162263040001,-43.453029654999966,0.0],[172.71642499100005,-43.45498721699994,0.0],[172.71662198900003,-43.45692801299998,0.0],[172.7168573890001,-43.45748865699994,0.0],[172.71927045600012,-43.46323514299996,0.0],[172.71986344000004,-43.46863702699994,0.0],[172.72148089600012,-43.47569309099998,0.0],[172.72270831600008,-43.47839628299994,0.0],[172.72432610500005,-43.48470076899997,0.0],[172.7286141410001,-43.49416173999998,0.0],[172.7292167270001,-43.49821346899995,0.0],[172.73288169400007,-43.50917132799998,0.0],[172.73348424200003,-43.51277299199995,0.0],[172.73573211100006,-43.517728559999966,0.0],[172.73736921300008,-43.52013103099995,0.0],[172.73818377100008,-43.52283308699998,0.0],[172.74247807100005,-43.531694828999946,0.0],[172.74349394600006,-43.53574738799995,0.0],[172.7461486850001,-43.54235513399993,0.0],[172.74810013400008,-43.54644640999993,0.0],[172.74901311000008,-43.54836029099994,0.0],[172.75147142900005,-43.55241583499998,0.0],[172.75229319400012,-43.55331767499996,0.0],[172.75234548100002,-43.55700282199996,0.0],[172.75213644100006,-43.55883462199995,0.0],[172.7514630610001,-43.55981738799994,0.0],[172.75037182100004,-43.56086198699995,0.0],[172.7491774020001,-43.56200933499997,0.0],[172.74811220800007,-43.562100886999986,0.0],[172.74624190500003,-43.560887553999976,0.0],[172.74606921400004,-43.560669194999946,0.0],[172.74566078500004,-43.56015274999993,0.0],[172.74570823600004,-43.55964899299994,0.0],[172.7466855990001,-43.55875002499994,0.0],[172.74609506700006,-43.556783407999944,0.0],[172.74610855100002,-43.55583314599994,0.0],[172.7464956120001,-43.55424166499995,0.0],[172.74715331800007,-43.55334945499993,0.0],[172.74712198100008,-43.552420790999975,0.0],[172.74589900500007,-43.549407592999955,0.0],[172.74424708800007,-43.547354963999965,0.0],[172.74360094200006,-43.54655203599998,0.0],[172.7422387570001,-43.54381980799997,0.0],[172.74219174600012,-43.540599724999936,0.0],[172.74182519900012,-43.539793902999975,0.0],[172.73523368400004,-43.537681808999935,0.0],[172.73359092500004,-43.53647644299997,0.0],[172.73343078100004,-43.53594690799997,0.0],[172.73231005600007,-43.53503252499996,0.0],[172.73193646900006,-43.534056059999955,0.0],[172.73065605600004,-43.533103025999935,0.0],[172.72969808900007,-43.53111573299998,0.0],[172.73001942500002,-43.53015863599995,0.0],[172.73151820900011,-43.529395878999935,0.0],[172.73125133200006,-43.52825275499998,0.0],[172.72909251400006,-43.527015319999975,0.0],[172.726001407,-43.52671096399996,0.0],[172.72456198200007,-43.525505952999936,0.0],[172.72498335500006,-43.52340535099995,0.0],[172.72291687400002,-43.524151883999934,0.0],[172.72228811200011,-43.526400603999946,0.0],[172.72351829600007,-43.52790212899998,0.0],[172.72578211300004,-43.52925767199997,0.0],[172.72557149400006,-43.53015722899994,0.0],[172.72433244,-43.53060427899993,0.0],[172.7235036730001,-43.53195236999994,0.0],[172.72348732600005,-43.53555257399995,0.0],[172.72181861400009,-43.53930180799995,0.0],[172.72160896200012,-43.540502937999975,0.0],[172.72015145600005,-43.54319955899996,0.0],[172.7174605360001,-43.545290137999984,0.0],[172.7170449570001,-43.54604071999995,0.0],[172.71579716000008,-43.54828777199998,0.0],[172.7135264640001,-43.54828210499994,0.0],[172.70609544100012,-43.549618012999986,0.0],[172.70464851100007,-43.55021285199996,0.0],[172.70352972500007,-43.551498917999936,0.0],[172.7038433020001,-43.55415129199997,0.0],[172.70674575800012,-43.55682536599994,0.0],[172.70886856100003,-43.55818285699996,0.0],[172.70941710700004,-43.558131042999946,0.0],[172.7100100880001,-43.55807502899995,0.0],[172.70990355900005,-43.55731819899995,0.0],[172.71047988400005,-43.55691104299996,0.0],[172.7158782670001,-43.55544639599998,0.0],[172.73118421800007,-43.55640921099996,0.0],[172.7341310270001,-43.55507735899994,0.0],[172.7368140100001,-43.55508356699994,0.0],[172.73763563600005,-43.55538694499995,0.0],[172.73887118200003,-43.55643827999995,0.0],[172.73927566300006,-43.55823931699996,0.0],[172.74000856700002,-43.55926806699995,0.0],[172.741738735,-43.561696505999976,0.0],[172.74193151100008,-43.56439710999996,0.0],[172.74234305400012,-43.56514955499995,0.0],[172.74323613,-43.565882375999934,0.0],[172.74434672600012,-43.566154755999946,0.0],[172.7468433890001,-43.566174444999945,0.0],[172.74815185500006,-43.56579428499998,0.0],[172.7500668990001,-43.56413014299994,0.0],[172.75060254100003,-43.56366465599996,0.0],[172.75447695200012,-43.56475098599998,0.0],[172.75656383000012,-43.565780366999945,0.0],[172.75958573900004,-43.566155497999944,0.0],[172.76099949100012,-43.56784961699998,0.0],[172.7622955800001,-43.56940264299993,0.0],[172.76541978500006,-43.571628715999964,0.0],[172.76777006200007,-43.57257335899993,0.0],[172.7700960400001,-43.57281113099998,0.0],[172.77180108900006,-43.57168983699995,0.0],[172.77389923200008,-43.57030993999996,0.0],[172.77617044600004,-43.569711250999944,0.0],[172.77678724700002,-43.57031102399998,0.0],[172.77802286400004,-43.57091640699997,0.0],[172.77760300900002,-43.57301268899994,0.0],[172.77779578500008,-43.573365818999946,0.0],[172.77842445800002,-43.574517405999984,0.0],[172.77780394700005,-43.57496622899998,0.0],[172.77759317400012,-43.575712832999955,0.0],[172.77862532200004,-43.57616486399996,0.0],[172.77841256700003,-43.57781602199998,0.0],[172.77985517700006,-43.578417284999944,0.0],[172.77923343400005,-43.57916760099994,0.0],[172.77920206400006,-43.57918853899997,0.0],[172.77883874500003,-43.57943103799994,0.0],[172.777030888,-43.58063765199995,0.0],[172.77654404200007,-43.580962573999955,0.0],[172.77638567600002,-43.58337975099994,0.0],[172.7763276510001,-43.58426528699994,0.0],[172.77714888000003,-43.584865364999985,0.0],[172.7821060220001,-43.584271763999936,0.0],[172.7845850220001,-43.58352944899997,0.0],[172.78499819900003,-43.58398016399997,0.0],[172.78458128400007,-43.58457794299994,0.0],[172.78457549600012,-43.586229499999945,0.0],[172.78519404700012,-43.58637920199993,0.0],[172.78746978900006,-43.585330272999954,0.0],[172.78932751500008,-43.58518517299996,0.0],[172.79470352200008,-43.58264324199996,0.0],[172.7960878680001,-43.58230983599998,0.0],[172.79780124900003,-43.58189715799995,0.0],[172.80090010100002,-43.58190250599995,0.0],[172.8009169810001,-43.58191023899997,0.0],[172.8025469060001,-43.58265687699998,0.0],[172.8056358660001,-43.58581226699994,0.0],[172.80749165800012,-43.58626534299998,0.0],[172.80851996100012,-43.58686554499997,0.0],[172.80853470500006,-43.58694108499998,0.0],[172.80872470500003,-43.58791447799996,0.0],[172.80769038500011,-43.58881279499997,0.0],[172.80757574500012,-43.58950456499997,0.0],[172.80726763500002,-43.59136370199997,0.0],[172.8062548910001,-43.592096406999985,0.0],[172.80602647900002,-43.59226165499996,0.0],[172.8035479680001,-43.59285598699995,0.0],[172.79693952500008,-43.593447595999976,0.0],[172.7952881230001,-43.59404321499994,0.0],[172.79466437500002,-43.59539217399998,0.0],[172.7894978270001,-43.59613446999998,0.0],[172.78785021600004,-43.59523146299995,0.0],[172.78495920300008,-43.59507761399993,0.0],[172.7822729500001,-43.59582413299995,0.0],[172.7820653870001,-43.59672378799996,0.0],[172.7808189750001,-43.59792294399995,0.0],[172.77565851400004,-43.59791311399994,0.0],[172.77441788200008,-43.59850914699996,0.0],[172.77235169000005,-43.59865817999997,0.0],[172.7693245480001,-43.59766586099994,0.0],[172.7663712970001,-43.59669765499996,0.0],[172.76223658800006,-43.59789084999994,0.0],[172.76099404400009,-43.59893675799998,0.0],[172.75934262900012,-43.59938340799994,0.0],[172.75707010600001,-43.59937869199996,0.0],[172.75377071900004,-43.598174685999936,0.0],[172.75211807000005,-43.59801807599996,0.0],[172.75087843100005,-43.59831695899993,0.0],[172.74632526300002,-43.60116022699998,0.0],[172.74106724500007,-43.603061158999935,0.0],[172.74171285900002,-43.603563055999984,0.0],[172.74171341600004,-43.604316369999935,0.0],[172.73968349400002,-43.60430645499997,0.0],[172.73826929200004,-43.604585638999936,0.0],[172.73614066800008,-43.60500582299994,0.0],[172.73382798800003,-43.60618228399994,0.0],[172.73294604800003,-43.607050657999935,0.0],[172.73296283500008,-43.608591529999956,0.0],[172.72380048600007,-43.60970503999994,0.0],[172.72367385600012,-43.60948777999994,0.0],[172.71992744900012,-43.609912571999985,0.0],[172.71783265400006,-43.60942327899994,0.0],[172.717926604,-43.60919494299998,0.0],[172.72049368900002,-43.60961517299995,0.0],[172.72387827900002,-43.60784391399994,0.0],[172.7236892100001,-43.60718277999996,0.0],[172.72242791600002,-43.605630789999964,0.0],[172.7216186820001,-43.60523398099997,0.0],[172.72159115600004,-43.60522059099998,0.0],[172.7205549360001,-43.605677628999956,0.0],[172.72013637700002,-43.605402125999944,0.0],[172.71995577000007,-43.60479951999997,0.0],[172.71951541800001,-43.60468600199994,0.0],[172.71898028300006,-43.60443442299993,0.0],[172.71863367000003,-43.60437784699997,0.0],[172.71820782100008,-43.60433268699995,0.0],[172.71771989600006,-43.604321579999976,0.0],[172.71705965400008,-43.60408237799993,0.0],[172.71653987800005,-43.60397936399994,0.0],[172.71584622300009,-43.60400293799995,0.0],[172.71392640200008,-43.60400445199997,0.0],[172.71154859500007,-43.60553498899998,0.0],[172.7115968180001,-43.60607056699996,0.0],[172.71166678600002,-43.60628161999995,0.0],[172.71170670800007,-43.60640203899993,0.0],[172.71556494000004,-43.60855730999998,0.0],[172.71572212600006,-43.60885378599994,0.0],[172.71224316300004,-43.61033928299997,0.0],[172.7102174360001,-43.61076160699997,0.0],[172.70603978700012,-43.611632431999965,0.0],[172.70451481200007,-43.61112446299995,0.0],[172.70353917400007,-43.61051806299997,0.0],[172.702091751,-43.610662838999986,0.0],[172.70126912600006,-43.60990918099998,0.0],[172.70086478400003,-43.608261064999965,0.0],[172.70045133600001,-43.607958494999934,0.0],[172.69983193600012,-43.60795687099994,0.0],[172.69879849100005,-43.60855271499997,0.0],[172.69714491500008,-43.608552937999946,0.0],[172.69571082200002,-43.60674903199998,0.0],[172.6930268200001,-43.60599043399998,0.0],[172.69158237800002,-43.606288122999956,0.0],[172.6905435530001,-43.60718536599995,0.0],[172.69033237700012,-43.608534867999936,0.0],[172.68929504800008,-43.609130704999984,0.0],[172.68764314100008,-43.609279242999946,0.0],[172.68640755100012,-43.608672885999965,0.0],[172.68207370300001,-43.60791399599998,0.0],[172.6800084680001,-43.607759785999974,0.0],[172.67897633200005,-43.60805396799998,0.0],[172.67814180300002,-43.609401694999974,0.0],[172.67565730600006,-43.61074483699997,0.0],[172.67337146700004,-43.613141577999954,0.0],[172.6723401170001,-43.613287163999985,0.0],[172.66696027700004,-43.61507639499996,0.0],[172.66322827200008,-43.617914232999965,0.0],[172.66239242300003,-43.61941037599996,0.0],[172.66156364000005,-43.61985803799996,0.0],[172.65945232100012,-43.62049038999993,0.0],[172.6585316820001,-43.62024161199997,0.0],[172.657865,-43.61974305299998,0.0],[172.65687457500007,-43.619584344999964,0.0],[172.65561448500011,-43.61993974699993,0.0],[172.65400005900005,-43.619955396999956,0.0],[172.65246704000003,-43.62148716399997,0.0],[172.6520502520001,-43.622232904999976,0.0],[172.65245342700007,-43.62388577699994,0.0],[172.65388993300007,-43.62554159999996,0.0],[172.65388564700004,-43.62628868499996,0.0],[172.6524354820001,-43.62703588399995,0.0],[172.65201863000004,-43.627786123999954,0.0],[172.65242012700003,-43.62973597399997,0.0],[172.6534428650001,-43.63184065499996,0.0],[172.65240473300003,-43.63288608499994,0.0],[172.64930005500003,-43.63362829099998,0.0],[172.64826182100012,-43.63467368299996,0.0],[172.64805053800012,-43.635424539999974,0.0],[172.6490774880001,-43.63677776399993,0.0],[172.64908792200004,-43.636917240999935,0.0],[172.64926899600005,-43.63947848399994,0.0],[172.65027548600006,-43.64009263999998,0.0],[172.65173901700007,-43.640984457999934,0.0],[172.65400978000002,-43.64113979999996,0.0],[172.65551407300006,-43.640852129999985,0.0],[172.65628409800001,-43.640153443999964,0.0],[172.6577164780001,-43.63963300199998,0.0],[172.6581467960001,-43.638655564999965,0.0],[172.6596067380001,-43.638006178999944,0.0],[172.66018981600007,-43.63725136599993,0.0],[172.66020806500012,-43.63669787199996,0.0],[172.6609153930001,-43.635985913999946,0.0],[172.661485555,-43.634411489999934,0.0],[172.66287356600003,-43.63396898999997,0.0],[172.6663298100001,-43.63155050299997,0.0],[172.66790669500006,-43.63127998699997,0.0],[172.668523756,-43.63173170999994,0.0],[172.66811014300004,-43.63378149199997,0.0],[172.667706134,-43.634491226999955,0.0],[172.66688423800008,-43.63504940499996,0.0],[172.66720818200008,-43.635865501999945,0.0],[172.66704698800004,-43.636436583999966,0.0],[172.66610810600002,-43.63719867699996,0.0],[172.6644425290001,-43.63752445299997,0.0],[172.6640821840001,-43.63790787999994,0.0],[172.66418845900012,-43.638870080999936,0.0],[172.66528800200012,-43.640334639999935,0.0],[172.66599976700002,-43.64057194999998,0.0],[172.6643419840001,-43.64117015399995,0.0],[172.66288572700012,-43.64296604699996,0.0],[172.659369641,-43.64385575699998,0.0],[172.6593579700001,-43.64595738299994,0.0],[172.66100260000007,-43.647312245999956,0.0],[172.6609985010001,-43.64805923899996,0.0],[172.65830127300012,-43.649855883999976,0.0],[172.65808922100007,-43.65120531399998,0.0],[172.65974064600005,-43.65135868699997,0.0],[172.6601525090001,-43.65195847099994,0.0],[172.65972898500002,-43.65346031099995,0.0],[172.66076063200012,-43.654061844999944,0.0],[172.66033375300003,-43.656612164999956,0.0],[172.65991426100004,-43.657358010999985,0.0],[172.65997747400002,-43.657373502999974,0.0],[172.660448566,-43.65748770099998,0.0],[172.6610749340001,-43.65655900099995,0.0],[172.66188964000003,-43.65617773899993,0.0],[172.66280292400006,-43.65528309599995,0.0],[172.66364931700002,-43.65511877899996,0.0],[172.66402390400003,-43.65926143799993,0.0],[172.66526930100008,-43.66082517399997,0.0],[172.66340475700008,-43.661719828999935,0.0],[172.6629907130001,-43.66216862999994,0.0],[172.66215507000004,-43.663516312999946,0.0],[172.66216400400003,-43.66509658599995,0.0],[172.66280149600004,-43.66441889699996,0.0],[172.66409392900005,-43.663044910999986,0.0],[172.66713481700003,-43.661521540999956,0.0],[172.66816562100007,-43.66053195499995,0.0],[172.66919996000001,-43.660233467999944,0.0],[172.66961360800008,-43.66053614899994,0.0],[172.66960877600002,-43.66143617599994,0.0],[172.66898316900006,-43.66248294299993,0.0],[172.6700001994726,-43.662949786213645,0.0],[172.669944,-43.663239,0.0],[172.626798,-43.699929,0.0],[172.653896,-43.745325,0.0],[172.675016,-43.768019,0.0],[172.697522,-43.778809,0.0],[172.719506,-43.775841,0.0],[172.750407,-43.766917,0.0],[172.769285,-43.757244,0.0],[172.78816,-43.755503,0.0],[172.803946,-43.765172,0.0],[172.820082,-43.774964,0.0],[172.82884,-43.786304,0.0],[172.827985,-43.796654,0.0],[172.814278,-43.805584,0.0],[172.74021882473778,-43.83311934320354,0.0],[172.7402279370001,-43.83095460299995,0.0],[172.73939938500007,-43.83050279899993,0.0],[172.73773329100004,-43.832902055999966,0.0],[172.73357670400003,-43.835291187999985,0.0],[172.73274924700002,-43.83544228799997,0.0],[172.73192137400008,-43.83483739999997,0.0],[172.73089041700007,-43.833188072999974,0.0],[172.7288212640001,-43.832431880999934,0.0],[172.72806158600008,-43.831972475999976,0.0],[172.72758132800004,-43.831682039999976,0.0],[172.7273765120001,-43.830781627999954,0.0],[172.72945669800004,-43.82928342699995,0.0],[172.73008223400007,-43.828384891999974,0.0],[172.73029510800006,-43.82718390499997,0.0],[172.7302342580001,-43.827169357999935,0.0],[172.729674218,-43.827033994999965,0.0],[172.72697241800006,-43.82882769199995,0.0],[172.72406488700005,-43.829873935999956,0.0],[172.72199131900004,-43.82986909099998,0.0],[172.7211680150001,-43.829115602999934,0.0],[172.71726625700012,-43.82779947499995,0.0],[172.71084303700002,-43.82733555699997,0.0],[172.69393134200004,-43.82777987199995,0.0],[172.67085598000006,-43.82916469799994,0.0],[172.62912371700008,-43.83081053999996,0.0],[172.59884045,-43.83278447299995,0.0],[172.58931574300004,-43.833403627999985,0.0],[172.53966045100003,-43.839920474999985,0.0],[172.51225096300004,-43.84313820899996,0.0],[172.49042484100005,-43.84548086899997,0.0],[172.46698890000005,-43.84736950699994,0.0],[172.44148039900006,-43.84911576099995,0.0],[172.42678580200004,-43.85052993299996,0.0],[172.39795660200002,-43.853914302999954,0.0],[172.38096540300012,-43.856226669999955,0.0],[172.3775113480001,-43.85671732399993,0.0],[172.37556290100008,-43.857250947999944,0.0],[172.37328152600003,-43.85738716999998,0.0],[172.35375418400008,-43.860583539999936,0.0],[172.3406591690001,-43.86336322999995,0.0],[172.32487153300008,-43.86552736699997,0.0],[172.30357943,-43.870481680999944,0.0],[172.29970851200005,-43.87138197499996,0.0],[172.28701683100007,-43.87537487499998,0.0],[172.28472074600006,-43.87609703199996,0.0],[172.27263948600012,-43.88022535199997,0.0],[172.266117064,-43.88194755999996,0.0],[172.26597969300008,-43.881983584999944,0.0],[172.26431317100003,-43.882423048999954,0.0],[172.2526442310001,-43.88670043299993,0.0],[172.22847701400008,-43.89449913699997,0.0],[172.21973512700004,-43.89774390599996,0.0],[172.21534548900001,-43.899064555999985,0.0],[172.21493225900008,-43.89906180799994,0.0],[172.21369541700005,-43.89845486399997,0.0],[172.219529189,-43.89654110599997,0.0],[172.22245196100005,-43.89506204999998,0.0],[172.22411538400002,-43.89492014599995,0.0],[172.22787001900008,-43.893293565999954,0.0],[172.22621291500002,-43.89313400599997,0.0],[172.22204517000011,-43.89445633999998,0.0],[172.21726654600002,-43.894878748999986,0.0],[172.21228695872708,-43.897483124827794,0.0],[172.21117,-43.89594,0.0],[172.205281,-43.889539,0.0],[172.204455,-43.888936,0.0],[172.202899,-43.887622,0.0],[172.20056,-43.885859,0.0],[172.197975,-43.884668,0.0],[172.195481,-43.882805,0.0],[172.193245,-43.880756,0.0],[172.190645,-43.878428,0.0],[172.187187,-43.876101,0.0],[172.186393,-43.874454,0.0],[172.185052,-43.873506,0.0],[172.184812,-43.8726,0.0],[172.18186,-43.870352,0.0],[172.176007,-43.866691,0.0],[172.175915,-43.865232,0.0],[172.170806,-43.861099,0.0],[172.167309,-43.858909,0.0],[172.166162,-43.855895,0.0],[172.164731,-43.853955,0.0],[172.16187,-43.85119,0.0],[172.157866,-43.846836,0.0],[172.154492,-43.842864,0.0],[172.152204,-43.841807,0.0],[172.151662,-43.841092,0.0],[172.149588,-43.840797,0.0],[172.145977,-43.83972,0.0],[172.144172,-43.837015,0.0],[172.131854,-43.831205,0.0],[172.128614,-43.826875,0.0],[172.12605,-43.824524,0.0],[172.123744,-43.822606,0.0],[172.119221,-43.819598,0.0],[172.118078,-43.815122,0.0],[172.113816,-43.806753,0.0],[172.113234,-43.804427,0.0],[172.11157,-43.800911,0.0],[172.108078,-43.797419,0.0],[172.102728,-43.795177,0.0],[172.098424,-43.7904,0.0],[172.097389,-43.78826,0.0],[172.09404,-43.784278,0.0],[172.09125,-43.78334,0.0],[172.088311,-43.780083,0.0],[172.087529,-43.777277,0.0],[172.084391,-43.775068,0.0],[172.08351,-43.773716,0.0],[172.081524,-43.770498,0.0],[172.079073,-43.768146,0.0],[172.079049,-43.767094,0.0],[172.07732,-43.765824,0.0],[172.07474,-43.765313,0.0],[172.07036,-43.762082,0.0],[172.070573,-43.756623,0.0],[172.066389,-43.753831,0.0],[172.064092,-43.753023,0.0],[172.061678,-43.752282,0.0],[172.057982,-43.751664,0.0],[172.05399,-43.749804,0.0],[172.048561,-43.749246,0.0],[172.04765,-43.748098,0.0],[172.047452,-43.74678,0.0],[172.046582,-43.743827,0.0],[172.043915,-43.741173,0.0],[172.042068,-43.738791,0.0],[172.039858,-43.738096,0.0],[172.038066,-43.737997,0.0],[172.034338,-43.736645,0.0],[172.031702,-43.733488,0.0],[172.029613,-43.732653,0.0],[172.027366,-43.730313,0.0],[172.026759,-43.729639,0.0],[172.024052,-43.728868,0.0],[172.02287,-43.726994,0.0],[172.020821,-43.725933,0.0],[172.015848,-43.722176,0.0],[172.01259,-43.719243,0.0],[172.00727,-43.717218,0.0],[172.005297,-43.716888,0.0],[172.003023,-43.716413,0.0],[172.002315,-43.715617,0.0],[171.997927,-43.713171,0.0],[171.995304,-43.712072,0.0],[171.989591,-43.711966,0.0],[171.986229,-43.711604,0.0],[171.982746,-43.710802,0.0],[171.978344,-43.710959,0.0],[171.973312,-43.709113,0.0],[171.970539,-43.706886,0.0],[171.966493,-43.705276,0.0],[171.964085,-43.704005,0.0],[171.962559,-43.702928,0.0],[171.961496,-43.702607,0.0],[171.96045,-43.702694,0.0],[171.95894,-43.702862,0.0],[171.957927,-43.70245,0.0],[171.957335,-43.702119,0.0],[171.956266,-43.700806,0.0],[171.95526,-43.700087,0.0],[171.954114,-43.699728,0.0],[171.952811,-43.699362,0.0],[171.951215,-43.69921,0.0],[171.949774,-43.699041,0.0],[171.947938,-43.698522,0.0],[171.946848,-43.697828,0.0],[171.945316,-43.697233,0.0],[171.943992,-43.696408,0.0],[171.942729,-43.69584,0.0],[171.940854,-43.695432,0.0],[171.9391,-43.694483,0.0],[171.937237,-43.693636,0.0],[171.934202,-43.691692,0.0],[171.928522,-43.689603,0.0],[171.923228,-43.687669,0.0],[171.920831,-43.687005,0.0],[171.919118,-43.685928,0.0],[171.917403,-43.684583,0.0],[171.915559,-43.684252,0.0],[171.913607,-43.683124,0.0],[171.91246,-43.68287,0.0],[171.911757,-43.682805,0.0],[171.910891,-43.682183,0.0],[171.9096,-43.681515,0.0],[171.907388,-43.68101,0.0],[171.906818,-43.680649,0.0],[171.906834,-43.680204,0.0],[171.906542,-43.679734,0.0],[171.905129,-43.679018,0.0],[171.90423,-43.678427,0.0],[171.903759,-43.677759,0.0],[171.903417,-43.676866,0.0],[171.902795,-43.675799,0.0],[171.902376,-43.675063,0.0],[171.90206,-43.674851,0.0],[171.901005,-43.674635,0.0],[171.899992,-43.674294,0.0],[171.899066,-43.673954,0.0],[171.898066,-43.673365,0.0],[171.897147,-43.673536,0.0],[171.896272,-43.673116,0.0],[172.047956,-43.615975,0.0],[172.278669,-43.567238,0.0],[172.520892,-43.544828,0.0],[172.572997,-43.480535,0.0],[172.645825,-43.407831,0.0],[172.71291852461528,-43.410694413472505,0.0],[172.71290491800005,-43.41386749099996,0.0]]]]}},{"type":"Feature","properties":{},"geometry":{"type":"MultiPolygon","coordinates":[[[[172.7291324435646,-43.26840423153285,0.0],[172.728759,-43.270478,0.0],[172.72839466779183,-43.27124257839883,0.0],[172.72791667900003,-43.27224495699994,0.0],[172.72723864357835,-43.27366673807298,0.0],[172.726686,-43.274825,0.0],[172.72647,-43.276773,0.0],[172.72587190764463,-43.277929215575874,0.0],[172.72522762100004,-43.27917354899995,0.0],[172.72379773500006,-43.279912612999965,0.0],[172.72313660070563,-43.28195311328237,0.0],[172.72297,-43.282467,0.0],[172.72261863320304,-43.28360936238532,0.0],[172.72255208800004,-43.28382565299995,0.0],[172.72242065842593,-43.28426821723781,0.0],[172.721391,-43.287735,0.0],[172.719616,-43.29371,0.0],[172.71942057937966,-43.294963291389486,0.0],[172.71919463500012,-43.296409696999945,0.0],[172.71759701857985,-43.30049044348569,0.0],[172.716494,-43.303307,0.0],[172.7159052452423,-43.307465253775234,0.0],[172.71585697400008,-43.30780598999996,0.0],[172.71565982900006,-43.30844352999998,0.0],[172.71522869763203,-43.30983765855211,0.0],[172.714605,-43.311853,0.0],[172.713761,-43.316203,0.0],[172.713329,-43.321004,0.0],[172.71229,-43.323549,0.0],[172.711749,-43.326057,0.0],[172.711449,-43.327449,0.0],[172.711117,-43.331187,0.0],[172.7110825703372,-43.33157720284511,0.0],[172.71106888000008,-43.33173126699995,0.0],[172.71058291200006,-43.33719959199993,0.0],[172.71017635478563,-43.338294814038704,0.0],[172.710089,-43.33853,0.0],[172.709748,-43.339448,0.0],[172.708903,-43.344698,0.0],[172.70892019173564,-43.34554223701885,0.0],[172.7090706670001,-43.35294778999997,0.0],[172.70777865500008,-43.36509595999996,0.0],[172.70834974700006,-43.366954851999935,0.0],[172.7087929800001,-43.368397485999935,0.0],[172.70879093452652,-43.3688231760238,0.0],[172.70876,-43.375206,0.0],[172.70875339471735,-43.376635383167695,0.0],[172.70874466600003,-43.378451534999954,0.0],[172.70955486100002,-43.38115394099998,0.0],[172.70994384200003,-43.38625402599996,0.0],[172.7097349692227,-43.38685603697241,0.0],[172.709114,-43.387602,0.0],[172.705816,-43.388795,0.0],[172.7058160932516,-43.38879513867949,0.0],[172.70581568600005,-43.38879528599995,0.0],[172.7068275150001,-43.39029980099997,0.0],[172.7068278088461,-43.39029971572469,0.0],[172.706828,-43.3903,0.0],[172.70683262669064,-43.390298317567044,0.0],[172.70683893800003,-43.390296485999954,0.0],[172.70835112710537,-43.390742129029135,0.0],[172.70992,-43.391205,0.0],[172.71062369820046,-43.39185041381845,0.0],[172.71074103700005,-43.39195813499998,0.0],[172.71135386000003,-43.39285985699996,0.0],[172.71140085600007,-43.39360587899995,0.0],[172.71202491600002,-43.403510352999945,0.0],[172.7121196170001,-43.40501307499994,0.0],[172.71288873096643,-43.40786394792985,0.0],[172.71293,-43.408017,0.0],[172.7129283211777,-43.40840984441566,0.0],[172.71290491800005,-43.41386749099996,0.0],[172.71349253000005,-43.42016960799998,0.0],[172.71430893700006,-43.42197189799998,0.0],[172.71409368800005,-43.423618472999976,0.0],[172.71402757870752,-43.42373848886629,0.0],[172.71368,-43.424369,0.0],[172.7139648444835,-43.42734511706531,0.0],[172.71426872100005,-43.43052262699996,0.0],[172.71444470300003,-43.436972234999985,0.0],[172.71525150700006,-43.440876135999986,0.0],[172.71523096526244,-43.445570033152464,0.0],[172.71522,-43.448017,0.0],[172.715216,-43.448977,0.0],[172.71536038850488,-43.44955585481683,0.0],[172.71577083400007,-43.451202498999976,0.0],[172.7159651932836,-43.45198218752182,0.0],[172.716226,-43.45303,0.0],[172.7164083155498,-43.454822922266246,0.0],[172.71642499100005,-43.45498721699994,0.0],[172.71662198900003,-43.45692801299998,0.0],[172.71662903890933,-43.45694480352398,0.0],[172.716857,-43.457489,0.0],[172.71927,-43.463235,0.0],[172.719863,-43.468637,0.0],[172.72111938607094,-43.47411602355776,0.0],[172.72148089600012,-43.47569309099998,0.0],[172.72201674688074,-43.47687321501108,0.0],[172.722708,-43.478396,0.0],[172.724326,-43.484701,0.0],[172.728614,-43.494162,0.0],[172.72882138113025,-43.49555520225319,0.0],[172.7292167270001,-43.49821346899995,0.0],[172.73288169400007,-43.50917132799998,0.0],[172.73338994203158,-43.512209324372414,0.0],[172.733481,-43.512754,0.0],[172.72413831751263,-43.52371062763718,0.0],[172.72291687400002,-43.524151883999934,0.0],[172.72250455086612,-43.525626526675204,0.0],[172.673422,-43.583183,0.0],[172.1770406,-43.6683752,0.0],[172.0960579,-43.6051612,0.0],[171.9169156,-43.4653314,0.0],[172.057071,-43.359728,0.0],[172.171372,-43.226058,0.0],[172.329422,-43.171227,0.0],[172.48066,-43.131748,0.0],[172.724411,-43.265795,0.0],[172.7292109369161,-43.26796797144141,0.0],[172.7291324435646,-43.26840423153285,0.0]]],[[[172.473433,-43.127756,0.0],[172.48442,-43.130763,0.0],[172.48066,-43.131748,0.0],[172.473433,-43.127756,0.0]]]]}},{"type":"Feature","properties":{},"geometry":{"type":"MultiPolygon","coordinates":[[[[170.47043,-44.733096,0.0],[170.596694,-44.862569,0.0],[170.545374,-44.927164,0.0],[170.487768,-44.974474,0.0],[170.669921,-45.071439,0.0],[170.874182,-45.050262,0.0],[170.954683,-44.976272,0.0],[170.810762,-44.886256,0.0],[170.7958638,-44.8699275,0.0],[170.7693013,-44.8623544,0.0],[170.7237488,-44.849143,0.0],[170.635468,-44.816831,0.0],[170.550186,-44.7773098,0.0],[170.47043,-44.733096,0.0]]]]}},{"type":"Feature","properties":{},"geometry":{"type":"MultiPolygon","coordinates":[[[[170.890968,-44.873007,0.0],[170.890951,-44.858949,0.0],[170.908115,-44.810292,0.0],[170.965265,-44.785743,0.0],[170.948904,-44.782209,0.0],[170.940611,-44.785862,0.0],[170.909972,-44.788342,0.0],[170.792895,-44.823564,0.0],[170.646085,-44.792078,0.0],[170.493784,-44.717515,0.0],[170.638904,-44.697063,0.0],[170.811764,-44.616833,0.0],[170.742818,-44.492015,0.0],[170.633772,-44.346592,0.0],[170.507937,-44.54147,0.0],[170.313282,-44.647883,0.0],[170.541101,-44.77294,0.0],[170.635468,-44.816831,0.0],[170.714429,-44.846045,0.0],[170.80067,-44.872255,0.0],[170.890968,-44.873007,0.0]]]]}},{"type":"Feature","properties":{},"geometry":{"type":"MultiPolygon","coordinates":[[[[170.475369,-44.734563,0.0],[170.313282,-44.647883,0.0],[170.324457,-44.560177,0.0],[170.26796,-44.203802,0.0],[170.059181,-44.197534,0.0],[169.835174,-44.136257,0.0],[169.661243,-44.398894,0.0],[169.454202,-44.580208,0.0],[169.466602,-44.67175,0.0],[169.502707,-44.829005,0.0],[169.572992,-44.722813,0.0],[169.696226,-44.681412,0.0],[169.786857,-44.578384,0.0],[169.943079,-44.559595,0.0],[170.100741,-44.603206,0.0],[170.475369,-44.734563,0.0]]]]}},{"type":"Feature","properties":{},"geometry":{"type":"MultiPolygon","coordinates":[[[[171.16822471000012,-44.581980198999986,0.0],[171.16440925500012,-44.59558185299994,0.0],[171.16253706800012,-44.60336682899998,0.0],[171.16140874200005,-44.620510940999964,0.0],[171.1612756180001,-44.62253282199998,0.0],[171.1608259300001,-44.624833027999955,0.0],[171.16028084000004,-44.627620958999955,0.0],[171.1597458970001,-44.62895666999998,0.0],[171.15941033700005,-44.63676558999998,0.0],[171.1602492730001,-44.64284290599994,0.0],[171.16003572700004,-44.64422330599996,0.0],[171.16218570600006,-44.65511363099995,0.0],[171.16323378100003,-44.665056866999976,0.0],[171.16465494600004,-44.67091343499993,0.0],[171.165852738,-44.678202788999954,0.0],[171.1661286950001,-44.684218287999954,0.0],[171.16615997845045,-44.68489998434057,0.0],[171.051064,-44.730718,0.0],[170.949783,-44.622323,0.0],[171.16879847787132,-44.58031972862629,0.0],[171.16822471000012,-44.581980198999986,0.0]]]]}},{"type":"Feature","properties":{},"geometry":{"type":"MultiPolygon","coordinates":[[[[171.1672998690001,-44.70973929099995,0.0],[171.16796239500002,-44.71232721699994,0.0],[171.1680382730001,-44.71543495599997,0.0],[171.1688456610001,-44.719663492999985,0.0],[171.1692022090001,-44.72153066699997,0.0],[171.17058685400002,-44.73567919699997,0.0],[171.17053327600001,-44.73758116699997,0.0],[171.17045457400002,-44.740374687999974,0.0],[171.17097027600005,-44.74162492399995,0.0],[171.1713923640001,-44.74815314199998,0.0],[171.17183844900012,-44.749892691999946,0.0],[171.171250965,-44.752431127999955,0.0],[171.1713546520001,-44.756188641999984,0.0],[171.1716312950001,-44.76621282999997,0.0],[171.17192255200007,-44.766984958999956,0.0],[171.17172695400006,-44.76761284599996,0.0],[171.17302124800005,-44.77154487699994,0.0],[171.1729920780001,-44.77182132699994,0.0],[171.17248284700008,-44.77664687299995,0.0],[171.17249106200006,-44.78663501699998,0.0],[171.17289229800008,-44.795373523999956,0.0],[171.1740792810001,-44.80295507799997,0.0],[171.17382741400002,-44.80654516499993,0.0],[171.1742117670001,-44.81651011699995,0.0],[171.17332290500008,-44.82898126199996,0.0],[171.17338090975852,-44.83362807185161,0.0],[171.1718889996877,-44.852263741776596,0.0],[171.17016354400005,-44.86254735899996,0.0],[171.16906116400003,-44.871348876999946,0.0],[171.16786233200003,-44.87657969199995,0.0],[171.1673734620001,-44.87871245699995,0.0],[171.16636149200008,-44.882378476999975,0.0],[171.16378794159394,-44.89169904944609,0.0],[171.16313051902986,-44.893893318400956,0.0],[171.16134439500001,-44.89911366899997,0.0],[171.1593606460001,-44.90598957299994,0.0],[171.1570343400001,-44.914049612999975,0.0],[171.15663451300009,-44.91543575999998,0.0],[171.15497495700004,-44.920277785999986,0.0],[171.15417718300012,-44.92260510899996,0.0],[171.15307409700006,-44.92582277099996,0.0],[171.15203223000003,-44.92782051399996,0.0],[171.15158615442616,-44.92908538595944,0.0],[170.801662,-44.87015,0.0],[170.955471,-44.714706,0.0],[171.051064,-44.730718,0.0],[171.16615997845045,-44.68489998434057,0.0],[171.1672998690001,-44.70973929099995,0.0]]]]}},{"type":"Feature","properties":{},"geometry":{"type":"Polygon","coordinates":[[[176.837928,-39.6797857],[176.7606806,-39.6406687],[176.4568839,-39.3748837],[176.5794079,-39.1823177],[176.92361132700012,-39.47206565699997],[176.92468228200005,-39.47324626799997],[176.91924158656562,-39.516569481320396],[176.837928,-39.6797857]]]}},{"type":"Feature","properties":{},"geometry":{"type":"Polygon","coordinates":[[[176.837929,-39.680316],[176.625206,-39.639753],[176.401608,-39.556959],[176.385815,-39.5469],[176.249383,-39.441055],[176.23874,-39.42594],[176.332123,-39.382965],[176.456882,-39.375414],[176.647088,-39.447972],[176.795403,-39.513689],[176.861944,-39.599835],[176.837929,-39.680316]]]}},{"type":"Feature","properties":{},"geometry":{"type":"Polygon","coordinates":[[[176.62671,-39.853906],[176.510667,-39.824644],[176.481142,-39.81647],[176.352925,-39.715125],[176.320634,-39.617511],[176.33265,-39.594763],[176.358743,-39.554539],[176.861944,-39.599835],[176.868941,-39.697776],[176.79561,-39.780103],[176.75992,-39.813305],[176.62671,-39.853906]]]}},{"type":"Feature","properties":{},"geometry":{"type":"Polygon","coordinates":[[[176.885895,-39.850592],[176.837612,-39.825588],[176.760681,-39.641199],[176.7816327,-39.5952595],[176.9192313698703,-39.51711264283131],[177.0964359290001,-39.64295650899993],[176.99451232814974,-39.81535375799584],[176.885895,-39.850592]]]}},{"type":"Feature","properties":{},"geometry":{"type":"Polygon","coordinates":[[[176.837929,-39.680316],[176.76047,-39.641496],[176.579194,-39.183145],[176.84579,-39.108093],[177.002674,-39.123736],[177.05795,-39.142644],[177.066788,-39.146102],[177.082925,-39.153823],[177.092797,-39.158752],[177.09662487109384,-39.16523763375437],[176.837929,-39.680316]]]}},{"type":"Feature","properties":{},"geometry":{"type":"MultiPolygon","coordinates":[[[[176.62427622500002,-40.44194256299994,0.0],[176.62541809100003,-40.444912288999944,0.0],[176.62711531600007,-40.447260719999974,0.0],[176.63094738300003,-40.44909628299996,0.0],[176.63283469400005,-40.45128998499996,0.0],[176.6329777640001,-40.45399354799997,0.0],[176.62858316100005,-40.46014227599994,0.0],[176.62915024300003,-40.46718522799995,0.0],[176.62958964500012,-40.46807256999995,0.0],[176.6297349040001,-40.47077606499994,0.0],[176.62833704100012,-40.47412272399998,0.0],[176.62438605800003,-40.48131158299998,0.0],[176.62449880500003,-40.48341227299994,0.0],[176.62497040200003,-40.48489794899996,0.0],[176.62426007346264,-40.48626460251854,0.0],[176.61803589142568,-40.490397308178984,0.0],[176.61680570800002,-40.49056471299997,0.0],[176.61547872500012,-40.49150735499995,0.0],[176.61315854400004,-40.492332234999935,0.0],[176.6115853550001,-40.49238129199995,0.0],[176.60775694400002,-40.49069375199997,0.0],[176.60458109400008,-40.49019337499993,0.0],[176.59926787300003,-40.490205386999946,0.0],[176.59363891800012,-40.49173639199995,0.0],[176.58125146600003,-40.49196688999996,0.0],[176.57749557700004,-40.49163242199995,0.0],[176.57556740400003,-40.492444397999975,0.0],[176.5734311760001,-40.492960865999976,0.0],[176.5675645760001,-40.49374104799995,0.0],[176.56332680200012,-40.49552516999995,0.0],[176.56176490500002,-40.49572186199998,0.0],[176.5603646070001,-40.495314391999955,0.0],[176.56012187700003,-40.49529927799995,0.0],[176.55878349800003,-40.495214217999944,0.0],[176.53242949600008,-40.50713683199996,0.0],[176.53125883000007,-40.507325729999934,0.0],[176.52720589700004,-40.50988369299995,0.0],[176.52000621700006,-40.51442688299994,0.0],[176.5161688180001,-40.51635024799998,0.0],[176.5144135910001,-40.51670094799994,0.0],[176.51288658600004,-40.51764842599994,0.0],[176.51290223700005,-40.51794978099997,0.0],[176.50985616700007,-40.51999760399997,0.0],[176.50019673700012,-40.527499069999976,0.0],[176.4921278930001,-40.53150037299997,0.0],[176.49203503700005,-40.531577108999954,0.0],[176.48910383100008,-40.53399757699998,0.0],[176.48572672500006,-40.53725319399996,0.0],[176.4806154160001,-40.541313360999936,0.0],[176.47916150800006,-40.54376303199996,0.0],[176.47933726100007,-40.54721357899996,0.0],[176.4763814800001,-40.551055565999945,0.0],[176.47530679600004,-40.55319193299994,0.0],[176.47273594400008,-40.556877982999936,0.0],[176.47326671700012,-40.55956543499997,0.0],[176.4722901010001,-40.563654242999974,0.0],[176.47083104400008,-40.56595079999994,0.0],[176.47106484900007,-40.570602520999955,0.0],[176.46974987400006,-40.57184489399998,0.0],[176.46885728600012,-40.573673894999956,0.0],[176.4673516030001,-40.57507063999998,0.0],[176.4636806410001,-40.57653211599995,0.0],[176.46160022800007,-40.57824786899994,0.0],[176.46005563500012,-40.57889327099997,0.0],[176.45949660300005,-40.57951369699998,0.0],[176.45885230200008,-40.58238492399994,0.0],[176.45200091100003,-40.58724806499998,0.0],[176.43526468100004,-40.595409469999936,0.0],[176.42778934600005,-40.599685927999985,0.0],[176.4251605930001,-40.602318320999984,0.0],[176.41985791600007,-40.60668309599998,0.0],[176.41681615200002,-40.60887695899993,0.0],[176.4160861480001,-40.610101404999966,0.0],[176.41498674700006,-40.61569363399997,0.0],[176.41491554300012,-40.61825032999997,0.0],[176.41535319800005,-40.61913845899994,0.0],[176.41548277800007,-40.62168920999994,0.0],[176.41455756900007,-40.62291501399994,0.0],[176.4122394430001,-40.62388892499996,0.0],[176.4085060430001,-40.62414751299997,0.0],[176.4075353080001,-40.62447793499996,0.0],[176.40352536400007,-40.62714586499993,0.0],[176.40062629900012,-40.62828525799995,0.0],[176.39871488900008,-40.62954432899994,0.0],[176.39612939300002,-40.63307579599996,0.0],[176.39346256600004,-40.63495609299997,0.0],[176.39217905200007,-40.63694459299995,0.0],[176.3893438990001,-40.63943341199996,0.0],[176.38929452143296,-40.63950672842963,0.0],[176.12124,-40.583353,0.0],[175.813622,-40.317917,0.0],[176.136346,-40.04828,0.0],[176.5346,-39.988332,0.0],[176.335473,-40.030406,0.0],[176.371179,-40.181659,0.0],[176.280541,-40.338856,0.0],[176.6232464127829,-40.437354694525034,0.0],[176.62427622500002,-40.44194256299994,0.0]]]]}},{"type":"Feature","properties":{},"geometry":{"type":"MultiPolygon","coordinates":[[[[176.8750417770001,-40.094360904999974,0.0],[176.87238310800012,-40.09580203499996,0.0],[176.87037303400007,-40.09827148299996,0.0],[176.8705740260001,-40.10187466599996,0.0],[176.86992019700006,-40.10414995899998,0.0],[176.87005678900005,-40.104942440999935,0.0],[176.8707953160001,-40.109226820999936,0.0],[176.87144937900007,-40.11040825899994,0.0],[176.8716453090001,-40.11385844199998,0.0],[176.8720768280001,-40.11500882699994,0.0],[176.87299147400006,-40.11744702899995,0.0],[176.87325986300004,-40.11816244399995,0.0],[176.87342157800003,-40.121009758999946,0.0],[176.87103192400002,-40.12379384999997,0.0],[176.87080479700012,-40.126658685999985,0.0],[176.8685447790001,-40.131691795999984,0.0],[176.8657227660001,-40.133737577999966,0.0],[176.86292518800008,-40.13623764299996,0.0],[176.85775010500004,-40.13821306999995,0.0],[176.85500471000012,-40.13815588199998,0.0],[176.85212505000004,-40.13915318099998,0.0],[176.85100865300012,-40.14024035799997,0.0],[176.84986178500003,-40.140729213999975,0.0],[176.84868957700007,-40.140768235999985,0.0],[176.84754278000003,-40.14125706699997,0.0],[176.8473282340001,-40.141436630999976,0.0],[176.84660634400007,-40.14204080199994,0.0],[176.84495791000006,-40.144047039999975,0.0],[176.8448553400001,-40.14570444999998,0.0],[176.8442945370001,-40.14617376199993,0.0],[176.84473449200004,-40.147060463999935,0.0],[176.84517507600003,-40.14744743999995,0.0],[176.84556007300012,-40.14778558799998,0.0],[176.8461184690001,-40.150768504999974,0.0],[176.845856141,-40.15303055399994,0.0],[176.84350670000003,-40.15656524599996,0.0],[176.84143360000007,-40.157986137999956,0.0],[176.8371543820001,-40.16203547199996,0.0],[176.83426517200007,-40.162883904999944,0.0],[176.83314801900008,-40.163970940999945,0.0],[176.82992481500003,-40.16588042199993,0.0],[176.8292101710001,-40.16710733899998,0.0],[176.82807113600006,-40.16774438599998,0.0],[176.82733008000002,-40.168521591999934,0.0],[176.8261131810001,-40.17126577499994,0.0],[176.82735341700004,-40.172428056999934,0.0],[176.8274293390001,-40.173777539999946,0.0],[176.82565003100012,-40.176991000999976,0.0],[176.82553839800005,-40.178495442999974,0.0],[176.8230439890001,-40.18293577199995,0.0],[176.82139418500003,-40.18494614599996,0.0],[176.81841600500002,-40.187748459999966,0.0],[176.8148487510001,-40.19057005099995,0.0],[176.80542086100002,-40.19718985399993,0.0],[176.8011190750001,-40.20093645299994,0.0],[176.8001680320001,-40.20141838899997,0.0],[176.7941558860001,-40.20612228599998,0.0],[176.79147113700003,-40.21072128099996,0.0],[176.78869940300012,-40.21726998599996,0.0],[176.78718287800007,-40.21822092999997,0.0],[176.78640853100012,-40.21839946399996,0.0],[176.7859019560001,-40.21826240599995,0.0],[176.7844174720001,-40.21786075199998,0.0],[176.78184925800008,-40.217494054999975,0.0],[176.77831674100003,-40.21746083199997,0.0],[176.77450712900009,-40.21826026799994,0.0],[176.7690133960001,-40.21941363499997,0.0],[176.75301040400007,-40.22429167599995,0.0],[176.74360057600006,-40.22790433499995,0.0],[176.71827112800008,-40.24164126599993,0.0],[176.71009113500008,-40.24971342899994,0.0],[176.70758564000005,-40.25149323199997,0.0],[176.70334096300007,-40.25450815399995,0.0],[176.70116651900003,-40.254754211999966,0.0],[176.69982720600012,-40.25436320299997,0.0],[176.69964388200003,-40.254247265999936,0.0],[176.69890362000012,-40.25485025399996,0.0],[176.6988800900001,-40.25486663299995,0.0],[176.69897801700006,-40.255072826999935,0.0],[176.6992929050001,-40.25601485599998,0.0],[176.69892148700012,-40.25779107599993,0.0],[176.6978910350001,-40.25974065099996,0.0],[176.69225486300002,-40.264533847999985,0.0],[176.6866428930001,-40.27093303199996,0.0],[176.68064203300003,-40.278606853999975,0.0],[176.67570986300007,-40.28552755599998,0.0],[176.67087751100007,-40.294247396999936,0.0],[176.66729681700008,-40.30443232499994,0.0],[176.66740009300008,-40.31374334499998,0.0],[176.66806898000004,-40.31522720299995,0.0],[176.67287115900012,-40.32063550199996,0.0],[176.67316262500003,-40.32242874199994,0.0],[176.67091386100003,-40.32445580499996,0.0],[176.67137034900009,-40.32564446999993,0.0],[176.67126880600006,-40.32572859499993,0.0],[176.66986584300003,-40.32689085599998,0.0],[176.6691538670001,-40.32826971999998,0.0],[176.66906294300009,-40.33022377799995,0.0],[176.6679488420001,-40.33146223999995,0.0],[176.66491527200003,-40.33350951399996,0.0],[176.66295264400003,-40.33718110399997,0.0],[176.66259151100007,-40.33764069199998,0.0],[176.66098203500007,-40.33968887999998,0.0],[176.6583516920001,-40.34303590199994,0.0],[176.6573032130001,-40.34547526899996,0.0],[176.65557792700008,-40.347764979999965,0.0],[176.65510152500008,-40.34839720499997,0.0],[176.65328517500006,-40.351941076999935,0.0],[176.65314367200006,-40.35221714499994,0.0],[176.65296267500003,-40.35437554999993,0.0],[176.6529034670001,-40.35508157999993,0.0],[176.6505581230001,-40.35906239399998,0.0],[176.65062481400003,-40.36328409199996,0.0],[176.6506411570001,-40.364318357999935,0.0],[176.64997810500006,-40.36659681499998,0.0],[176.64863289400012,-40.368235493999975,0.0],[176.64554638000004,-40.37199501199996,0.0],[176.64464093700008,-40.37438996399993,0.0],[176.64433949300007,-40.375187263999976,0.0],[176.64308765900012,-40.37747966699993,0.0],[176.6411876840001,-40.37874257699997,0.0],[176.6400999540001,-40.380430529999956,0.0],[176.63880063500005,-40.38452726699995,0.0],[176.63875171200004,-40.38468150999995,0.0],[176.63718255600008,-40.38848884999993,0.0],[176.63728202800007,-40.39035863699996,0.0],[176.63741399100002,-40.392838892999976,0.0],[176.63644091300011,-40.39419711399995,0.0],[176.63631423000004,-40.394373934999976,0.0],[176.63623064400008,-40.39648090099996,0.0],[176.63536913200005,-40.39876543499997,0.0],[176.6353295550001,-40.40072865399998,0.0],[176.6353140640001,-40.40147083599993,0.0],[176.6359282400001,-40.402480529999934,0.0],[176.63638990100003,-40.403239466999935,0.0],[176.63653130300008,-40.40590774899994,0.0],[176.63655701300002,-40.40639286299995,0.0],[176.63494936600011,-40.40944888499996,0.0],[176.6275975530001,-40.419146517999934,0.0],[176.6250703710001,-40.42342978099998,0.0],[176.62368140000012,-40.42692936599997,0.0],[176.62274976300012,-40.431617664999976,0.0],[176.62273452700003,-40.435074215999975,0.0],[176.62427622500002,-40.44194256299994,0.0],[176.62541809100003,-40.444912288999944,0.0],[176.62711531600007,-40.447260719999974,0.0],[176.63094738300003,-40.44909628299996,0.0],[176.63283469400005,-40.45128998499996,0.0],[176.6329777640001,-40.45399354799997,0.0],[176.62858316100005,-40.46014227599994,0.0],[176.62915024300003,-40.46718522799995,0.0],[176.62958964500012,-40.46807256999995,0.0],[176.6297349040001,-40.47077606499994,0.0],[176.62917694787086,-40.47211188181571,0.0],[176.280541,-40.338856,0.0],[176.231103,-40.034612,0.0],[176.5346,-39.988332,0.0],[176.87728589898754,-40.0926687867561,0.0],[176.8750417770001,-40.094360904999974,0.0]]]]}},{"type":"Feature","properties":{},"geometry":{"type":"MultiPolygon","coordinates":[[[[176.5346,-39.988332,0.0],[176.556573,-39.996222,0.0],[176.593652,-39.937282,0.0],[176.553826,-39.925698,0.0],[176.455636,-39.826631,0.0],[176.231103,-39.745901,0.0],[176.136346,-40.04828,0.0],[176.224946,-40.033592,0.0],[176.316064,-40.020898,0.0],[176.5346,-39.988332,0.0]]]]}},{"type":"Feature","properties":{},"geometry":{"type":"MultiPolygon","coordinates":[[[[176.555373,-39.9953,0.0],[176.715436,-39.854368,0.0],[176.66845,-39.799536,0.0],[176.578967,-39.778158,0.0],[176.471237,-39.781111,0.0],[176.444557,-39.736409,0.0],[176.441553,-39.727168,0.0],[176.436172,-39.724607,0.0],[176.423812,-39.714902,0.0],[176.416946,-39.713285,0.0],[176.399866,-39.704173,0.0],[176.368349,-39.700116,0.0],[176.322001,-39.773247,0.0],[176.267242,-39.740783,0.0],[176.246471,-39.734711,0.0],[176.229907,-39.744979,0.0],[176.454437,-39.825708,0.0],[176.419746,-39.894054,0.0],[176.375801,-39.919336,0.0],[176.335976,-39.959347,0.0],[176.316064,-40.020898,0.0],[176.528234,-39.987762,0.0],[176.555373,-39.9953,0.0]]]]}},{"type":"Feature","properties":{},"geometry":{"type":"MultiPolygon","coordinates":[[[[176.93336737900006,-39.934311210999965,0.0],[176.93043833800004,-39.94117617599994,0.0],[176.92913623800007,-39.94572766799996,0.0],[176.92781727500005,-39.94652077899997,0.0],[176.9278346320001,-39.94682210399998,0.0],[176.92864623100002,-39.94739397899997,0.0],[176.9289203610001,-39.948741353999935,0.0],[176.9280818950001,-39.95117215899995,0.0],[176.9284664260001,-39.95446287899995,0.0],[176.92846483900007,-39.95446672899993,0.0],[176.9265796310001,-39.959038686999975,0.0],[176.9259565870001,-39.959693897999955,0.0],[176.92511524500003,-39.96057865299997,0.0],[176.9251047990001,-39.96058963799993,0.0],[176.92429535000008,-39.96209375799998,0.0],[176.92386941000007,-39.96288521199995,0.0],[176.92193455200004,-39.96499810199998,0.0],[176.92134870000007,-39.965637829999935,0.0],[176.92119817600008,-39.965802191999956,0.0],[176.91762302200004,-39.96894167199997,0.0],[176.91652547500007,-39.96992311899993,0.0],[176.91645353800004,-39.96998744599995,0.0],[176.91637007300005,-39.970062079999934,0.0],[176.91497358800007,-39.97129978999993,0.0],[176.91488398100012,-39.972324740999966,0.0],[176.91488008700003,-39.97236929099995,0.0],[176.91485462700007,-39.97266049299998,0.0],[176.91440554500002,-39.97357458299996,0.0],[176.9123994670001,-39.97765759299995,0.0],[176.9122288960001,-39.97800473799998,0.0],[176.9096268710001,-39.98034635699997,0.0],[176.90855180300002,-39.982036852999954,0.0],[176.90807855200012,-39.984008932999984,0.0],[176.9080603750001,-39.98554622299997,0.0],[176.90804487000003,-39.986862996999946,0.0],[176.90684288300008,-39.98976118999997,0.0],[176.9066736430001,-39.993670003999966,0.0],[176.90454850200013,-39.997500756999955,0.0],[176.90446329200006,-39.999455136999984,0.0],[176.90373435300012,-40.00038124099996,0.0],[176.90391450700008,-40.00353459499996,0.0],[176.9035684490001,-40.00417990999995,0.0],[176.90195275000008,-40.00719262499996,0.0],[176.90161779900006,-40.007817157999966,0.0],[176.90030375300012,-40.008762968999974,0.0],[176.89866521700003,-40.01092303499996,0.0],[176.89662084200006,-40.01279473999995,0.0],[176.89500247600006,-40.01525157999998,0.0],[176.89272342700008,-40.01983988699993,0.0],[176.88888041300004,-40.02447622599993,0.0],[176.88788852000005,-40.02686167799993,0.0],[176.88647219500012,-40.03026759299996,0.0],[176.8835831140001,-40.03614214399994,0.0],[176.88331689900008,-40.03668340699994,0.0],[176.8829925540001,-40.037961388999975,0.0],[176.88235587500003,-40.040469919999964,0.0],[176.8809448400001,-40.04426879099998,0.0],[176.88048945100002,-40.04549472699995,0.0],[176.8798960570001,-40.048818221999966,0.0],[176.87989605200005,-40.05573191299993,0.0],[176.8805267680001,-40.05991567899997,0.0],[176.88165443700007,-40.06258192799993,0.0],[176.88233880600012,-40.06332683199997,0.0],[176.88353026700008,-40.06462363199995,0.0],[176.88388057200007,-40.06731603999998,0.0],[176.88590941000007,-40.06859989599997,0.0],[176.88720002200012,-40.07066128499997,0.0],[176.8886105690001,-40.07136645299994,0.0],[176.88963606800007,-40.07223339099994,0.0],[176.89204143200004,-40.07320256099996,0.0],[176.89347658000008,-40.074357592999945,0.0],[176.89373833900004,-40.07555211199997,0.0],[176.89318699400008,-40.076170083999955,0.0],[176.8929094990001,-40.078135420999956,0.0],[176.89206840600002,-40.08056588399995,0.0],[176.8859797010001,-40.08708025999994,0.0],[176.87879494800006,-40.091530929999976,0.0],[176.87685500460853,-40.092993690769326,0.0],[176.508298,-40.080582,0.0],[176.356549,-40.017507,0.0],[176.507611,-39.979108,0.0],[176.556573,-39.996222,0.0],[176.508101,-39.978202,0.0],[176.615904,-39.873414,0.0],[176.828764,-39.884743,0.0],[176.935366,-39.930567,0.0],[176.9348123019492,-39.932598635467905,0.0],[176.93336737900006,-39.934311210999965,0.0]]]]}},{"type":"Feature","properties":{},"geometry":{"type":"Polygon","coordinates":[[[175.6469591,-40.2262729],[175.6109614,-40.203983],[175.660049,-40.1389261],[175.8660828,-39.9077569],[175.9023787,-39.8981624],[176.0089114,-39.9583863],[176.0232813,-39.9737766],[176.0303739,-40.0012029],[176.0121075,-40.0321718],[175.8706339,-40.124885],[175.7260879,-40.1949063],[175.6469591,-40.2262729]]]}},{"type":"Feature","properties":{},"geometry":{"type":"Polygon","coordinates":[[[175.4268921,-40.2930089],[175.3816321,-40.2788583],[175.3377658,-40.2620713],[175.3775083,-40.1951094],[175.4914545,-40.0835102],[175.6368545,-40.0411899],[175.679163,-40.0715155],[175.7212109,-40.1082259],[175.6113043,-40.2042455],[175.5137551,-40.2711852],[175.4591431,-40.2853855],[175.4268921,-40.2930089]]]}},{"type":"Feature","properties":{},"geometry":{"type":"Polygon","coordinates":[[[175.4570301,-40.4249463],[175.4453965,-40.4232563],[175.3313374,-40.3478197],[175.3726553,-40.2758492],[175.5676513,-40.2244382],[175.6328826,-40.2840474],[175.6334151,-40.3010955],[175.6322351,-40.3181444],[175.626095,-40.3271093],[175.6164015,-40.3351746],[175.5387901,-40.3835913],[175.4734893,-40.4200399],[175.4570301,-40.4249463]]]}},{"type":"Feature","properties":{},"geometry":{"type":"Polygon","coordinates":[[[175.7445004,-40.2967224],[175.6328826,-40.2840474],[175.5750057,-40.2360029],[175.5676513,-40.2244382],[175.7530585,-40.1133397],[175.7614256,-40.1096028],[175.7885812,-40.0978621],[175.8706339,-40.124885],[175.7761478,-40.2786615],[175.7641002,-40.2964174],[175.7445004,-40.2967224]]]}},{"type":"Feature","properties":{},"geometry":{"type":"MultiPolygon","coordinates":[[[[175.16829105700003,-40.621238689999984,0.0],[175.1703592990001,-40.618042137999964,0.0],[175.17067730600002,-40.61563533699996,0.0],[175.17141773800006,-40.61411686799994,0.0],[175.17192808100003,-40.611553251999965,0.0],[175.17357697800003,-40.60761685099993,0.0],[175.17433444200003,-40.60655302599997,0.0],[175.17746964600008,-40.59973257499996,0.0],[175.17763763000005,-40.59882853399995,0.0],[175.17819895000002,-40.59791707199997,0.0],[175.17993503600007,-40.59668155099996,0.0],[175.17991060600002,-40.59592973799994,0.0],[175.1798911510001,-40.59533102399996,0.0],[175.17947330300012,-40.59458663899994,0.0],[175.1801472510001,-40.59096582799998,0.0],[175.1835644140001,-40.58068948599998,0.0],[175.18407018100004,-40.57797270299994,0.0],[175.18933735600012,-40.56390429399994,0.0],[175.19201676600005,-40.55603436999996,0.0],[175.19330113000012,-40.552261321999936,0.0],[175.1958776880001,-40.546653626999955,0.0],[175.1980014180001,-40.539099541999974,0.0],[175.1989130400001,-40.53682985499995,0.0],[175.20101540100006,-40.52867702899994,0.0],[175.20228248900003,-40.52519777499998,0.0],[175.20394834700005,-40.51787090199997,0.0],[175.20442978000005,-40.51575316599997,0.0],[175.20780507900008,-40.50090236999995,0.0],[175.208523774,-40.49878497999998,0.0],[175.20866637900008,-40.49712899799994,0.0],[175.2090368380001,-40.49637413499994,0.0],[175.20997967200003,-40.488990970999964,0.0],[175.2100763420001,-40.485835889999976,0.0],[175.21095375100003,-40.48333064899998,0.0],[175.21363452000003,-40.47405102999994,0.0],[175.2136343200001,-40.47404790699994,0.0],[175.21324044200003,-40.46789620299995,0.0],[175.21392771900003,-40.46487839699995,0.0],[175.21405886900004,-40.462772222999945,0.0],[175.2149944670001,-40.459079706999944,0.0],[175.21587631900002,-40.45559896299994,0.0],[175.2168503160001,-40.451754122999944,0.0],[175.21826298400003,-40.44060931699994,0.0],[175.21962633900011,-40.43412334799996,0.0],[175.2205249530001,-40.42538942199997,0.0],[175.22136325400004,-40.421639220999964,0.0],[175.22224512600008,-40.417693681999936,0.0],[175.22237860100006,-40.415740546999984,0.0],[175.22405988700007,-40.40699143099994,0.0],[175.22611486800008,-40.399463398999956,0.0],[175.22669792600004,-40.39732719099993,0.0],[175.22675254900003,-40.39670002399998,0.0],[175.22684105400003,-40.39567124599995,0.0],[175.22641903700003,-40.39477839199998,0.0],[175.22590611800013,-40.39103140199995,0.0],[175.22628211500012,-40.38441563599997,0.0],[175.22730371300008,-40.379584715999954,0.0],[175.22747032600012,-40.372522566999976,0.0],[175.22799663700005,-40.37055724999993,0.0],[175.22856534400012,-40.36994709999993,0.0],[175.22865811400004,-40.36887230199994,0.0],[175.228708395,-40.368291057999954,0.0],[175.22828654600005,-40.36739829199996,0.0],[175.2282743949207,-40.366867241015505,0.0],[175.341825,-40.364808,0.0],[175.343198,-40.624848,0.0],[175.16671099406616,-40.62587022589192,0.0],[175.16829105700003,-40.621238689999984,0.0]]]]}},{"type":"Feature","properties":{},"geometry":{"type":"MultiPolygon","coordinates":[[[[175.3428553,-40.434878,0.0],[175.343198,-40.624848,0.0],[175.454435,-40.62589,0.0],[175.466794,-40.432787,0.0],[175.3428553,-40.434878,0.0]]]]}},{"type":"Feature","properties":{},"geometry":{"type":"MultiPolygon","coordinates":[[[[175.02949539000008,-40.85539724399996,0.0],[175.0321404660001,-40.852546520999965,0.0],[175.0327538260001,-40.85188531099993,0.0],[175.03758679300006,-40.84804377699993,0.0],[175.0512246820001,-40.83443439399997,0.0],[175.05638167300003,-40.82833422799996,0.0],[175.05808434400012,-40.82575007299994,0.0],[175.05847319400004,-40.82559453699997,0.0],[175.05856955100012,-40.825412609999944,0.0],[175.060157182,-40.82241161699994,0.0],[175.06225047600003,-40.81966732199993,0.0],[175.06223662500008,-40.81921709699998,0.0],[175.06281522500012,-40.81875636799998,0.0],[175.06812253900011,-40.81115315599993,0.0],[175.0759154970001,-40.80079791899993,0.0],[175.0770663930001,-40.799574648999965,0.0],[175.0830997170001,-40.790002766999976,0.0],[175.0836814390001,-40.78954187699998,0.0],[175.08381015200007,-40.78922335699997,0.0],[175.08423157200002,-40.78818069899995,0.0],[175.08800444300005,-40.782252623999966,0.0],[175.09663121100004,-40.76707490399997,0.0],[175.0998689920001,-40.763110884999946,0.0],[175.1007820860001,-40.76068906099994,0.0],[175.10194008700012,-40.75976710899994,0.0],[175.10233440100012,-40.75975992399998,0.0],[175.10242288500012,-40.75909240799996,0.0],[175.10249420600007,-40.75855436699993,0.0],[175.10149981400002,-40.75827529099996,0.0],[175.1016549510001,-40.756921132999935,0.0],[175.1027714380001,-40.75464427399993,0.0],[175.1050518090001,-40.75175151399998,0.0],[175.1050376070001,-40.751301388999934,0.0],[175.10711386000003,-40.748106020999955,0.0],[175.1089147880001,-40.74590798299994,0.0],[175.11111126200012,-40.74322694899996,0.0],[175.11211585900003,-40.741604311999936,0.0],[175.12014105700007,-40.728638872999966,0.0],[175.1205042140001,-40.72758265099998,0.0],[175.12201755000012,-40.72493699199998,0.0],[175.12406241200006,-40.72135995399998,0.0],[175.1268878940001,-40.716947782999966,0.0],[175.12687355900005,-40.71649757199998,0.0],[175.12949154300009,-40.71179187599995,0.0],[175.13149624300002,-40.70634968899998,0.0],[175.1327080110001,-40.70448144399995,0.0],[175.13356883100005,-40.70315390799993,0.0],[175.1359584070001,-40.69755142199995,0.0],[175.13727044100006,-40.69527492599997,0.0],[175.13977484500003,-40.69327809899994,0.0],[175.1393051870001,-40.690881590999936,0.0],[175.14001596800006,-40.68831441799995,0.0],[175.14170587900003,-40.68558047499994,0.0],[175.1420659040001,-40.68451973799995,0.0],[175.14264048600012,-40.683909995999954,0.0],[175.14633503700009,-40.67587765299993,0.0],[175.14746333800008,-40.67405493299998,0.0],[175.1502154420001,-40.66739584099997,0.0],[175.1507921430001,-40.66693461799997,0.0],[175.15190555700008,-40.66465714999998,0.0],[175.15186695800003,-40.66345971599998,0.0],[175.15372534000005,-40.65981708299995,0.0],[175.15498757500006,-40.65603686299994,0.0],[175.15628879200005,-40.65341378099998,0.0],[175.15663652500007,-40.65271275999993,0.0],[175.1581768640001,-40.64840138999995,0.0],[175.1595572450001,-40.64453728099994,0.0],[175.16197530300008,-40.639834390999965,0.0],[175.16283343500004,-40.63575985699998,0.0],[175.16576416100008,-40.628646369999956,0.0],[175.1661864230001,-40.62740786699993,0.0],[175.16671425542972,-40.6258606660687,0.0],[175.2223483,-40.6253831,0.0],[175.2508442,-40.6253792,0.0],[175.2654356,-40.6248536,0.0],[175.2789973,-40.6248474,0.0],[175.2927301,-40.6248498,0.0],[175.3068059,-40.6253717,0.0],[175.3359883,-40.6251077,0.0],[175.137204,-40.856879,0.0],[175.02623302665074,-40.85788986268679,0.0],[175.02949539000008,-40.85539724399996,0.0]]]]}},{"type":"Feature","properties":{},"geometry":{"type":"MultiPolygon","coordinates":[[[[175.22035589300003,-40.28083360199997,0.0],[175.21980884300012,-40.276190579999934,0.0],[175.21662570500007,-40.268895544999964,0.0],[175.21628512000007,-40.26455034399993,0.0],[175.21565797000005,-40.263359639999976,0.0],[175.21531031900008,-40.25886596099997,0.0],[175.2146879940001,-40.25782385399998,0.0],[175.21431932300004,-40.25257817099998,0.0],[175.21364447500002,-40.250041360999944,0.0],[175.21261934000006,-40.242704585999945,0.0],[175.21185771000012,-40.23958691799993,0.0],[175.2112838390001,-40.237237612999934,0.0],[175.21124471600012,-40.237077444999954,0.0],[175.21057553900005,-40.234337736999976,0.0],[175.21006123200004,-40.23059050899997,0.0],[175.20800326200003,-40.221773360999975,0.0],[175.20772372300007,-40.219228864999934,0.0],[175.20676462900008,-40.21510181199994,0.0],[175.20612601800008,-40.21235350999996,0.0],[175.20599271000003,-40.21147575499998,0.0],[175.20537446700007,-40.20741245199997,0.0],[175.20385520100012,-40.20181705899995,0.0],[175.20136066500004,-40.19262756499995,0.0],[175.2008743230001,-40.18978525299997,0.0],[175.1994771210001,-40.18518102699994,0.0],[175.1993343790001,-40.18471060799993,0.0],[175.19743171900006,-40.180395234999935,0.0],[175.1967386780001,-40.17725501299998,0.0],[175.19372449800005,-40.168906350999976,0.0],[175.1922482120001,-40.16551961699997,0.0],[175.18652407500008,-40.15238436399994,0.0],[175.18363843500003,-40.147934361999944,0.0],[175.18085167702378,-40.14281821684697,0.0],[175.2421208,-40.1047907,0.0],[175.2640761,-40.0924962,0.0],[175.2918416,-40.0838651,0.0],[175.3578676,-40.0654958,0.0],[175.3656973,-40.0642866,0.0],[175.3730955,-40.0669745,0.0],[175.4449052,-40.1298041,0.0],[175.4522405,-40.1414834,0.0],[175.4496221,-40.1541472,0.0],[175.4086134,-40.2095603,0.0],[175.4072408,-40.2106851,0.0],[175.4044154,-40.2119375,0.0],[175.4011608,-40.2129277,0.0],[175.3952883,-40.2141472,0.0],[175.3939647,-40.2141868,0.0],[175.3925032,-40.213728,0.0],[175.3612621,-40.1987809,0.0],[175.3525972,-40.1975312,0.0],[175.3453794,-40.2014825,0.0],[175.2776875,-40.2866865,0.0],[175.22238417781287,-40.287787732169726,0.0],[175.22035589300003,-40.28083360199997,0.0]]]]}},{"type":"Feature","properties":{},"geometry":{"type":"MultiPolygon","coordinates":[[[[175.6933706,-39.8752829,0.0],[175.6466148,-39.8556341,0.0],[175.6019278,-39.8459897,0.0],[175.5418037,-39.8475256,0.0],[175.4747974,-39.8582486,0.0],[175.4314001,-39.8744212,0.0],[175.390727,-39.8947942,0.0],[175.3582431,-39.9600687,0.0],[175.358797,-40.0150995,0.0],[175.3730955,-40.0669745,0.0],[175.4242892,-40.1115282,0.0],[175.4583918,-40.0912272,0.0],[175.5322494,-40.0225652,0.0],[175.5714222,-39.9976916,0.0],[175.6933706,-39.8752829,0.0]]]]}},{"type":"Feature","properties":{},"geometry":{"type":"MultiPolygon","coordinates":[[[[175.18072399100004,-40.142583800999944,0.0],[175.1795930620001,-40.14008095499997,0.0],[175.1770027110001,-40.13434750599998,0.0],[175.17613428100003,-40.13242509099996,0.0],[175.17460559000006,-40.12904078199995,0.0],[175.17251011400003,-40.125761979999936,0.0],[175.17107547500007,-40.123516982999945,0.0],[175.1663600920001,-40.11613688199998,0.0],[175.16427883200004,-40.11227483499994,0.0],[175.16264111700002,-40.110053225999934,0.0],[175.1609008490001,-40.10704090099995,0.0],[175.16015417000006,-40.105748339999934,0.0],[175.15894302000004,-40.104568265999944,0.0],[175.15219134000006,-40.095392465999964,0.0],[175.14902344200004,-40.091718808999985,0.0],[175.14569282500008,-40.08785591399993,0.0],[175.14461401500012,-40.08472714399994,0.0],[175.1427710050001,-40.082207310999934,0.0],[175.14192732000004,-40.08027241699995,0.0],[175.13782252500005,-40.07554496999995,0.0],[175.13542798900005,-40.07273977099993,0.0],[175.13454378100005,-40.07168329499996,0.0],[175.13374304700005,-40.07098008599996,0.0],[175.13325717200007,-40.07180957099996,0.0],[175.13309794400004,-40.07323377599994,0.0],[175.13493082700006,-40.07545214099997,0.0],[175.13566006300005,-40.07598417199995,0.0],[175.135774856,-40.076185486999975,0.0],[175.1359488170001,-40.07678465199996,0.0],[175.13516442500008,-40.076646093999955,0.0],[175.13374916600003,-40.07517228499995,0.0],[175.13013454200006,-40.07223930799995,0.0],[175.12687744900006,-40.06824531399997,0.0],[175.1167958310001,-40.058525799999984,0.0],[175.11113094900008,-40.052476558999956,0.0],[175.09808873100008,-40.04176034599993,0.0],[175.09708029500007,-40.04072913199997,0.0],[175.0972410380001,-40.039676561999954,0.0],[175.10035737900012,-40.039317550999954,0.0],[175.10091982400002,-40.038554826999984,0.0],[175.10108747900006,-40.03765073999995,0.0],[175.10239640500004,-40.03582921999998,0.0],[175.10309952300008,-40.03326192999998,0.0],[175.10329057,-40.03213200099998,0.0],[175.10317107700007,-40.03169582899994,0.0],[175.10234829900003,-40.03210833099996,0.0],[175.10094533200004,-40.03315286199995,0.0],[175.09889583900008,-40.03634404199994,0.0],[175.0964362840001,-40.03893896899996,0.0],[175.09562088400003,-40.03864523999994,0.0],[175.09459533400002,-40.03723836499995,0.0],[175.09264178500007,-40.034554595999964,0.0],[175.09201136600007,-40.03332015299998,0.0],[175.0866510840001,-40.02654531699994,0.0],[175.0827791800001,-40.02217352499997,0.0],[175.07435665700007,-40.01382520299995,0.0],[175.07069010100008,-40.009529380999936,0.0],[175.06254772600005,-40.00142293399995,0.0],[175.05770766000012,-39.99731455699998,0.0],[175.0521261230001,-39.991795466999974,0.0],[175.0463435040001,-39.98667208099994,0.0],[175.04054710200012,-39.982156069999974,0.0],[175.0334878330001,-39.97565430399993,0.0],[175.03032639800006,-39.97274198799994,0.0],[175.02491883900007,-39.96833751799994,0.0],[175.0211303420001,-39.96570155099994,0.0],[175.01652924116758,-39.96298099134443,0.0],[175.146073,-39.7802712,0.0],[175.1516077,-39.7763709,0.0],[175.1578284,-39.7729979,0.0],[175.1735298,-39.7688891,0.0],[175.1979721,-39.7651351,0.0],[175.2217256,-39.7636192,0.0],[175.2361779,-39.763972,0.0],[175.2466659,-39.765665,0.0],[175.2547512,-39.7680172,0.0],[175.3697002,-39.8296147,0.0],[175.3853573,-39.8577229,0.0],[175.390727,-39.8947942,0.0],[175.3582431,-39.9600687,0.0],[175.358797,-40.0150995,0.0],[175.3730955,-40.0669745,0.0],[175.3656973,-40.0642866,0.0],[175.3578676,-40.0654958,0.0],[175.2640761,-40.0924962,0.0],[175.18086503370827,-40.14284273807819,0.0],[175.18072399100004,-40.142583800999944,0.0]]]]}},{"type":"Feature","properties":{},"geometry":{"type":"MultiPolygon","coordinates":[[[[175.8409672,-40.2554218,0.0],[175.8390491,-40.2597883,0.0],[175.8383025,-40.2632809,0.0],[175.8653152,-40.3385517,0.0],[175.8616546,-40.3488235,0.0],[175.8622303,-40.3520985,0.0],[175.8633826,-40.3542019,0.0],[175.8814972,-40.3775219,0.0],[175.8858982,-40.3782843,0.0],[175.8878959,-40.379439,0.0],[175.8891212,-40.380528,0.0],[175.8898315,-40.3824017,0.0],[175.8895824,-40.3841425,0.0],[175.8842193,-40.3904854,0.0],[175.8841765,-40.3947332,0.0],[175.8710388,-40.4095013,0.0],[175.8646811,-40.4113274,0.0],[175.8612337,-40.4191625,0.0],[175.8629215,-40.424639,0.0],[175.8604441,-40.4283291,0.0],[175.8481834,-40.4403805,0.0],[175.844604,-40.4467117,0.0],[175.8412207,-40.4520572,0.0],[175.8307695,-40.4635162,0.0],[175.8227163,-40.4704044,0.0],[175.8191253,-40.4757252,0.0],[175.8147128,-40.4839521,0.0],[175.8051005,-40.4950561,0.0],[175.8015801,-40.4966358,0.0],[175.7874843,-40.5072378,0.0],[175.772193,-40.5212892,0.0],[175.7452306,-40.5533421,0.0],[175.737312,-40.5642138,0.0],[175.7324601,-40.5749987,0.0],[175.7234409,-40.5840477,0.0],[175.7099766,-40.6072297,0.0],[175.7132581,-40.6134573,0.0],[175.7115689,-40.6207099,0.0],[175.712301,-40.6289741,0.0],[175.8139968,-40.6884111,0.0],[175.892584,-40.6888883,0.0],[175.9377087,-40.6747751,0.0],[176.0761946,-40.6616532,0.0],[176.1392888,-40.6173836,0.0],[176.2298428,-40.5769845,0.0],[176.235197,-40.5438645,0.0],[176.2222344,-40.5261843,0.0],[176.2240046,-40.5089953,0.0],[176.218712,-40.4988394,0.0],[176.1763723,-40.4186925,0.0],[176.1500857,-40.3669907,0.0],[176.1246027,-40.3557871,0.0],[176.0840314,-40.3257387,0.0],[176.0303196,-40.2557706,0.0],[175.8409672,-40.2554218,0.0]]]]}},{"type":"Feature","properties":{},"geometry":{"type":"MultiPolygon","coordinates":[[[[175.5451013,-40.5343776,0.0],[175.6139938,-40.4982693,0.0],[175.6727681,-40.4569558,0.0],[175.7177393,-40.4072595,0.0],[175.7176784,-40.3495889,0.0],[175.8389891,-40.2653768,0.0],[175.8653152,-40.3385517,0.0],[175.8616546,-40.3488235,0.0],[175.8622303,-40.3520985,0.0],[175.8633826,-40.3542019,0.0],[175.8814972,-40.3775219,0.0],[175.8858982,-40.3782843,0.0],[175.8878959,-40.379439,0.0],[175.8891212,-40.380528,0.0],[175.8898315,-40.3824017,0.0],[175.8895824,-40.3841425,0.0],[175.8842193,-40.3904854,0.0],[175.8841765,-40.3947332,0.0],[175.8710388,-40.4095013,0.0],[175.8646811,-40.4113274,0.0],[175.8612337,-40.4191625,0.0],[175.8629215,-40.424639,0.0],[175.8604441,-40.4283291,0.0],[175.8481834,-40.4403805,0.0],[175.844604,-40.4467117,0.0],[175.8405285,-40.452942,0.0],[175.8307695,-40.4635162,0.0],[175.8227163,-40.4704044,0.0],[175.8147128,-40.4839521,0.0],[175.8051005,-40.4950561,0.0],[175.8015801,-40.4966358,0.0],[175.7874843,-40.5072378,0.0],[175.772193,-40.5212892,0.0],[175.7452306,-40.5533421,0.0],[175.737312,-40.5642138,0.0],[175.7324601,-40.5749987,0.0],[175.7234409,-40.5840477,0.0],[175.7099766,-40.6072297,0.0],[175.7132581,-40.6134573,0.0],[175.7115689,-40.6207099,0.0],[175.712301,-40.6289741,0.0],[175.5843532,-40.5864072,0.0],[175.5451013,-40.5343776,0.0]]]]}},{"type":"Feature","properties":{},"geometry":{"type":"MultiPolygon","coordinates":[[[[175.22237860100006,-40.415740546999984,0.0],[175.22405988700007,-40.40699143099994,0.0],[175.22611486800008,-40.399463398999956,0.0],[175.22669792600004,-40.39732719099993,0.0],[175.22675254900003,-40.39670002399998,0.0],[175.22684105400003,-40.39567124599995,0.0],[175.22641903700003,-40.39477839199998,0.0],[175.22590611800013,-40.39103140199995,0.0],[175.22628211500012,-40.38441563599997,0.0],[175.22730371300008,-40.379584715999954,0.0],[175.22747032600012,-40.372522566999976,0.0],[175.22799663700005,-40.37055724999993,0.0],[175.22856534400012,-40.36994709999993,0.0],[175.22865811400004,-40.36887230199994,0.0],[175.228708395,-40.368291057999954,0.0],[175.22828654600005,-40.36739829199996,0.0],[175.22820888600006,-40.36400423799995,0.0],[175.22819808300005,-40.36353206499996,0.0],[175.22811674402442,-40.35997493193709,0.0],[175.3221165,-40.3694891,0.0],[175.4359615,-40.393096,0.0],[175.4605841,-40.3724508,0.0],[175.5168348,-40.3349207,0.0],[175.5731101,-40.318779,0.0],[175.6132959,-40.3551541,0.0],[175.5406835,-40.3831026,0.0],[175.4847401,-40.4201692,0.0],[175.4754963,-40.4478224,0.0],[175.4360151,-40.4890558,0.0],[175.3014511,-40.4282209,0.0],[175.22227182578717,-40.417302984950354,0.0],[175.22237860100006,-40.415740546999984,0.0]]]]}},{"type":"Feature","properties":{},"geometry":{"type":"MultiPolygon","coordinates":[[[[175.6132959,-40.3551541,0.0],[175.5731101,-40.318779,0.0],[175.6743506,-40.2875437,0.0],[175.8127318,-40.2551703,0.0],[175.81238,-40.3052009,0.0],[175.7729061,-40.3065263,0.0],[175.6728144,-40.3631872,0.0],[175.6728586,-40.3956985,0.0],[175.5479821,-40.4569569,0.0],[175.5483169,-40.489341,0.0],[175.4360151,-40.4890558,0.0],[175.4754963,-40.4478224,0.0],[175.4847401,-40.4201692,0.0],[175.5406835,-40.3831026,0.0],[175.6132959,-40.3551541,0.0]]]]}},{"type":"Feature","properties":{},"geometry":{"type":"MultiPolygon","coordinates":[[[[175.22780575500008,-40.34637469499995,0.0],[175.22813034400008,-40.34426465399997,0.0],[175.22776068200005,-40.33285211799995,0.0],[175.2274848080001,-40.32910404299997,0.0],[175.22706530200003,-40.32340093299996,0.0],[175.2266201340001,-40.32175630099994,0.0],[175.22608936200004,-40.311400925999976,0.0],[175.22564792800006,-40.309904820999975,0.0],[175.2253681825786,-40.30408511839459,0.0],[175.2256293,-40.3026628,0.0],[175.2252883,-40.3006397,0.0],[175.2251991725087,-40.300569073773126,0.0],[175.22505635800007,-40.29759548599998,0.0],[175.22688769800004,-40.29799875499998,0.0],[175.2286831030001,-40.29549326699998,0.0],[175.23005014400007,-40.294499266999935,0.0],[175.23303636200012,-40.29156952499994,0.0],[175.23359965800012,-40.29070675899993,0.0],[175.23383196700001,-40.29017626199993,0.0],[175.22825616800003,-40.29173547499994,0.0],[175.22627174700006,-40.29320012599993,0.0],[175.224590432,-40.29535204399997,0.0],[175.22035589300003,-40.28083360199997,0.0],[175.21980884300012,-40.276190579999934,0.0],[175.21875576836004,-40.27377717022728,0.0],[175.2170077,-40.2633728,0.0],[175.2104279,-40.2303048,0.0],[175.522483,-40.2296198,0.0],[175.5665861,-40.2666232,0.0],[175.5751574,-40.2840128,0.0],[175.5731101,-40.318779,0.0],[175.5168348,-40.3349207,0.0],[175.4605841,-40.3724508,0.0],[175.4359615,-40.393096,0.0],[175.3221165,-40.3694891,0.0],[175.22811674402442,-40.35997493193709,0.0],[175.22780575500008,-40.34637469499995,0.0]]]]}},{"type":"Feature","properties":{},"geometry":{"type":"Polygon","coordinates":[[[175.5320564,-39.6887033],[175.487297,-39.5815778],[175.4878563,-39.5272275],[175.6842062,-39.5270884],[175.7641526,-39.5940655],[175.7649598,-39.595604],[175.7683546,-39.6357185],[175.7678908,-39.6465648],[175.7581432,-39.6509634],[175.5357723,-39.6883426],[175.5320564,-39.6887033]]]}},{"type":"Feature","properties":{},"geometry":{"type":"Polygon","coordinates":[[[176.1793679,-39.6209958],[175.7626602,-39.6201913],[175.7596691,-39.6144586],[175.7621256,-39.5931365],[175.9094447,-39.5308526],[176.0615207,-39.4721658],[176.0854699,-39.4730349],[176.1365241,-39.4753489],[176.1938678,-39.5039381],[176.1816,-39.6168581],[176.1793679,-39.6209958]]]}},{"type":"Feature","properties":{},"geometry":{"type":"Polygon","coordinates":[[[176.1264691,-39.8646413],[175.7012549,-39.8646205],[175.7626602,-39.6201913],[176.1793679,-39.6209958],[176.2007928,-39.6740143],[176.1768305,-39.7482786],[176.1339217,-39.8497905],[176.1264691,-39.8646413]]]}},{"type":"Feature","properties":{},"geometry":{"type":"Polygon","coordinates":[[[175.3026017,-39.5271968],[175.2865766,-39.5006429],[175.2810365,-39.4223703],[175.2834177,-39.4127633],[175.2870471,-39.3987164],[175.31626,-39.3684964],[175.3224975,-39.3669648],[175.6611909,-39.4653874],[175.6643397,-39.4675157],[175.6840348,-39.5129188],[175.6856354,-39.5186128],[175.6842062,-39.5270884],[175.3026017,-39.5271968]]]}},{"type":"Feature","properties":{},"geometry":{"type":"MultiPolygon","coordinates":[[[[175.246867,-38.885649,0.0],[174.969462,-38.901681,0.0],[174.965342,-39.008474,0.0],[175.246867,-39.013809,0.0],[175.246867,-38.885649,0.0]]]]}},{"type":"Feature","properties":{},"geometry":{"type":"MultiPolygon","coordinates":[[[[175.394495,-39.131352,0.0],[175.605296,-39.045546,0.0],[175.539378,-38.86186,0.0],[175.246867,-38.885649,0.0],[175.246867,-39.013809,0.0],[175.261286,-39.099387,0.0],[175.394495,-39.131352,0.0]]],[[[175.394495,-39.131352,0.0],[175.239314,-39.33293,0.0],[175.282572,-39.428994,0.0],[175.4089146,-39.2691685,0.0],[175.4405181,-39.2282032,0.0],[175.4679889,-39.194694,0.0],[175.493372,-39.161173,0.0],[175.394495,-39.131352,0.0]]]]}},{"type":"Feature","properties":{},"geometry":{"type":"MultiPolygon","coordinates":[[[[175.246867,-38.885649,0.0],[175.2494413,-38.7156126,0.0],[175.2600846,-38.7207031,0.0],[175.2724232,-38.7102248,0.0],[175.2892197,-38.6957246,0.0],[175.3214217,-38.6693946,0.0],[175.395182,-38.607978,0.0],[175.2766483,-38.5888599,0.0],[175.205668,-38.57685,0.0],[175.2103432,-38.6030218,0.0],[175.2168016,-38.6391751,0.0],[175.225581,-38.696457,0.0],[174.972208,-38.797136,0.0],[174.969462,-38.901681,0.0],[175.246867,-38.885649,0.0]]]]}},{"type":"Feature","properties":{},"geometry":{"type":"MultiPolygon","coordinates":[[[[175.2461804,-38.885649,0.0],[175.539378,-38.86186,0.0],[175.2494413,-38.7156126,0.0],[175.2489323,-38.7584664,0.0],[175.2480795,-38.8009183,0.0],[175.247956,-38.8129357,0.0],[175.2478325,-38.8242844,0.0],[175.2472419,-38.8455106,0.0],[175.2468611,-38.8564578,0.0],[175.2463086,-38.8679395,0.0],[175.2465717,-38.8766591,0.0],[175.2461804,-38.885649,0.0]]]]}},{"type":"Feature","properties":{},"geometry":{"type":"MultiPolygon","coordinates":[[[[173.710998,-41.509943,0.0],[173.694519,-41.614752,0.0],[173.230346,-41.791105,0.0],[173.268798,-41.858646,0.0],[173.768676,-41.666067,0.0],[173.796142,-41.505829,0.0],[173.710998,-41.509943,0.0]]]]}},{"type":"Feature","properties":{},"geometry":{"type":"MultiPolygon","coordinates":[[[[173.710998,-41.509943,0.0],[173.669799,-41.452328,0.0],[172.867798,-41.754234,0.0],[172.700256,-41.68248,0.0],[172.653564,-41.766526,0.0],[172.851318,-41.834094,0.0],[172.843078,-41.915898,0.0],[172.991394,-41.907723,0.0],[173.007873,-41.784961,0.0],[173.710998,-41.509943,0.0]]]]}},{"type":"Feature","properties":{},"geometry":{"type":"MultiPolygon","coordinates":[[[[174.051574,-41.610645,0.0],[173.776916,-41.725542,0.0],[173.752197,-41.764478,0.0],[173.628601,-41.819767,0.0],[173.469299,-41.881144,0.0],[173.109497,-42.022088,0.0],[173.167175,-42.087347,0.0],[173.642334,-41.875009,0.0],[173.895019,-41.793152,0.0],[173.97467,-41.729641,0.0],[174.084533,-41.659912,0.0],[174.051574,-41.610645,0.0]]]]}},{"type":"Feature","properties":{},"geometry":{"type":"MultiPolygon","coordinates":[[[[174.144958,-41.680428,0.0],[174.051574,-41.723492,0.0],[174.07904,-41.8566,0.0],[174.040588,-41.911811,0.0],[173.779663,-41.960846,0.0],[173.779663,-42.007803,0.0],[174.007629,-41.993516,0.0],[174.161438,-41.862737,0.0],[174.144958,-41.680428,0.0]]]]}},{"type":"Feature","properties":{},"geometry":{"type":"Polygon","coordinates":[[[174.4693336,-36.9573012],[174.46041817115034,-36.93725046862358],[174.4525219639983,-36.91949195905907],[174.3775990956887,-36.75099100057901],[174.3491765,-36.6870688],[174.4429131,-36.6700351],[174.59838808037753,-36.78737831105649],[174.64223889883573,-36.82047428465203],[174.64696923112945,-36.82471014455822],[174.65743944060043,-36.845918045651324],[174.6996885,-36.9314955],[174.4693336,-36.9573012]]]}},{"type":"Feature","properties":{},"geometry":{"type":"Polygon","coordinates":[[[174.5952873926539,-36.78627796812654],[174.4429131,-36.6700351],[174.44590007490697,-36.64329696087313],[174.4551055458657,-36.56089346874892],[174.4573673,-36.5406472],[174.6927578,-36.5804086],[174.70003138642647,-36.59966490530471],[174.72548841060885,-36.66706057520728],[174.7525492,-36.7387021],[174.6691729050335,-36.76414336230507],[174.6334684428084,-36.7750381446805],[174.59930963059423,-36.7854612907548],[174.5952873926539,-36.78627796812654]]]}},{"type":"Feature","properties":{},"geometry":{"type":"Polygon","coordinates":[[[174.3491765,-36.6870688],[174.2107362,-36.4940585],[174.2550998,-36.4679875],[174.27897386434444,-36.49081253687983],[174.4180130150112,-36.623742300992255],[174.4316854195843,-36.63681393949146],[174.4335196669088,-36.638567589905755],[174.43394677077927,-36.63897592681289],[174.4341159588917,-36.639361042963905],[174.4429131,-36.6700351],[174.3491765,-36.6870688]]]}},{"type":"Feature","properties":{},"geometry":{"type":"Polygon","coordinates":[[[173.17157,-35.1279234],[173.1717801856516,-35.12197368653854],[173.1758417091764,-35.078713633834106],[173.3179842,-34.8748216],[173.37820324777365,-34.87709308990972],[173.7108521,-34.9954097],[173.69630984299278,-35.063092129547755],[173.6944506,-35.0717454],[173.17157,-35.1279234]]]}},{"type":"Feature","properties":{},"geometry":{"type":"Polygon","coordinates":[[[173.1758417091764,-35.078713633834106],[172.83143235141915,-34.612081851205836],[172.96408871211656,-34.60730598100442],[173.0035973,-34.6058836],[173.00829602680903,-34.61107118597093],[173.2664481,-34.8960816],[173.26513086058404,-34.92172077161112],[173.26147651922886,-34.99285004696991],[173.2580873,-35.0588189],[173.1758417091764,-35.078713633834106]]]}},{"type":"Feature","properties":{},"geometry":{"type":"Polygon","coordinates":[[[174.1097164,-35.811237],[173.8542842,-35.644011],[174.3363038,-35.3981641],[174.36315799270307,-35.42380628310631],[174.3755633934596,-35.43565179122579],[174.5393851685902,-35.592079802343044],[174.54123873000003,-35.59803178399994],[174.5414518330001,-35.59892997199995],[174.54006929184865,-35.61002622416848],[174.53875375118733,-35.612350680692884],[174.51488686111392,-35.65452159184678],[174.51434349874674,-35.65548167026672],[174.50736196342734,-35.66504727325371],[174.1097164,-35.811237]]]}},{"type":"Feature","properties":{},"geometry":{"type":"Polygon","coordinates":[[[174.2842447,-36.0098765],[174.1097164,-35.811237],[174.3124956,-35.6954989],[174.49621496251544,-35.66678920708539],[174.50736196342734,-35.66504727325371],[174.56580301972284,-35.71571147298647],[174.5679474018594,-35.71763703013289],[174.57423817647236,-35.837261609231284],[174.48707274265595,-35.99931808727309],[174.48577753477463,-36.00172611552909],[174.4836133784881,-36.00263943568076],[174.2842447,-36.0098765]]]}},{"type":"Feature","properties":{},"geometry":{"type":"Polygon","coordinates":[[[173.731626,-35.262058],[173.455594,-35.081324],[173.57200024926556,-35.02899863406528],[173.70572829032258,-34.96888701009158],[173.70769620500005,-34.96889759199996],[173.79696263288847,-34.992747802363354],[173.9170856174692,-35.0266215356959],[173.91847058354165,-35.02701208519462],[173.92058498305627,-35.027608329165474],[174.06081397210576,-35.11670619115311],[174.10831128659302,-35.15335292178792],[174.12356171391653,-35.165119446026694],[174.1224447090001,-35.168498763999935],[174.12149524046407,-35.17058021880177],[174.11834615205814,-35.171319111718354],[174.10447660701047,-35.17457342130605],[174.05830501174916,-35.18540698971955],[173.731626,-35.262058]]]}},{"type":"Feature","properties":{},"geometry":{"type":"Polygon","coordinates":[[[174.11752,-35.526257],[173.807156,-35.247479],[173.922513,-35.220558],[173.9830533973636,-35.215171422705765],[174.0118264924286,-35.21261133874016],[174.05067776639706,-35.20915454956593],[174.0637207208704,-35.21341160231527],[174.199918,-35.451339],[174.11752,-35.526257]]]}},{"type":"Feature","properties":{},"geometry":{"type":"Polygon","coordinates":[[[173.384183,-35.545255],[173.41470833795114,-35.45545076360776],[173.41620393224872,-35.45105078926311],[173.42554472665842,-35.423570572316706],[173.42674529926515,-35.42003853914631],[173.4345221754278,-35.398481590825085],[173.44594859416992,-35.36681079616208],[173.506406,-35.19924],[173.91702,-35.212705],[173.841489,-35.539668],[173.384183,-35.545255]]]}},{"type":"Feature","properties":{},"geometry":{"type":"MultiPolygon","coordinates":[[[[169.566764,-44.966437,0.0],[169.7652984,-45.0385419,0.0],[169.965711,-45.11127,0.0],[169.614149,-45.327952,0.0],[169.809156,-45.528418,0.0],[170.512281,-45.022036,0.0],[169.783744,-44.756181,0.0],[169.566764,-44.966437,0.0]]]]}},{"type":"Feature","properties":{},"geometry":{"type":"MultiPolygon","coordinates":[[[[169.1973554,-45.0341683,0.0],[169.376315,-45.0011903,0.0],[169.566764,-44.966437,0.0],[169.783744,-44.756181,0.0],[169.2516,-44.595295,0.0],[169.202162,-44.23825,0.0],[168.535428,-44.690327,0.0],[169.169867,-45.038775,0.0],[169.1973554,-45.0341683,0.0]]]]}},{"type":"Feature","properties":{},"geometry":{"type":"MultiPolygon","coordinates":[[[[169.430128,-45.24486,0.0],[169.597669,-45.343398,0.0],[169.965711,-45.11127,0.0],[169.880567,-45.082187,0.0],[169.566764,-44.966437,0.0],[169.169867,-45.038775,0.0],[168.9106803,-45.1570454,0.0],[169.166456,-45.374277,0.0],[169.430128,-45.24486,0.0]]]]}},{"type":"Feature","properties":{},"geometry":{"type":"MultiPolygon","coordinates":[[[[169.169867,-45.038775,0.0],[168.535428,-44.690327,0.0],[168.348667,-44.830738,0.0],[168.469513,-45.077577,0.0],[168.691978,-45.036834,0.0],[168.771626,-45.108599,0.0],[168.752401,-45.228652,0.0],[169.169867,-45.038775,0.0]]]]}},{"type":"Feature","properties":{},"geometry":{"type":"MultiPolygon","coordinates":[[[[169.430128,-45.24486,0.0],[169.166456,-45.374277,0.0],[169.169202,-45.774168,0.0],[169.633375,-45.789492,0.0],[169.597669,-45.343398,0.0],[169.430128,-45.24486,0.0]]]]}},{"type":"Feature","properties":{},"geometry":{"type":"Polygon","coordinates":[[[169.8352910812347,-46.33253030668074],[169.83349569317846,-46.33102513701752],[169.692184,-46.212556],[169.513656,-46.043143],[169.461472,-45.771764],[170.24309489698257,-46.01082621110981],[170.24308938600007,-46.01084391599994],[170.18592307500012,-46.132651177999946],[170.18260397400002,-46.13857258099995],[170.17555343100003,-46.14995540599995],[170.1714555950001,-46.154058015999965],[170.17113340200012,-46.15431809199998],[170.17055633200005,-46.15478389599997],[170.12786064700003,-46.18284974799997],[169.97170158100005,-46.27297554499995],[169.92132963275492,-46.29966735583521],[169.8862652456631,-46.31582111044375],[169.8352910812347,-46.33253030668074]]]}},{"type":"Feature","properties":{},"geometry":{"type":"Polygon","coordinates":[[[169.5854144760001,-46.57836866699995],[169.58302299800005,-46.578296456999965],[169.47778464680192,-46.56916799595131],[169.46721359093098,-46.552876038392384],[169.1840614,-46.116486],[169.4614711,-45.77271],[169.83526637163803,-46.332542916784085],[169.81854473300007,-46.449718367999935],[169.69841965800003,-46.519622468999955],[169.5854144760001,-46.57836866699995]]]}},{"type":"Feature","properties":{},"geometry":{"type":"Polygon","coordinates":[[[170.6010117,-45.7341019],[170.59980969587969,-45.73339278525162],[170.59410076175493,-45.73002483557737],[170.1790477,-45.4851669],[170.109374,-45.118234],[170.386779,-45.156983],[170.8139987885497,-45.43616750736609],[170.82955386700007,-45.470938854999986],[170.8301018730001,-45.473500343999945],[170.82962218800003,-45.474994583999944],[170.7239324530001,-45.59535058499995],[170.60191142996155,-45.73316293258934],[170.6010117,-45.7341019]]]}},{"type":"Feature","properties":{},"geometry":{"type":"Polygon","coordinates":[[[170.2408465,-46.0103137],[169.9922804,-45.9330033],[170.1790477,-45.4851669],[170.7293796900001,-45.774023400999965],[170.7381163062545,-45.77916682441185],[170.74412758205395,-45.78857064767965],[170.7498017590001,-45.805023423999955],[170.74928585500004,-45.85541777299994],[170.74185611498694,-45.864022162800644],[170.71739514445403,-45.87742611205801],[170.68603087300005,-45.89451621099994],[170.66437777800002,-45.90353357099997],[170.2408465,-46.0103137]]]}},{"type":"Feature","properties":{},"geometry":{"type":"Polygon","coordinates":[[[169.9922804,-45.9330033],[169.461472,-45.771764],[170.244966,-45.292276],[170.102144,-45.782846],[169.9922804,-45.9330033]]]}},{"type":"Feature","properties":{},"geometry":{"type":"Polygon","coordinates":[[[168.704322,-46.311667,0.0],[168.827729,-46.323389,0.0],[168.9698644,-46.3229144,0.0],[169.09964,-46.300623,0.0],[169.234223,-46.306315,0.0],[169.30838,-46.308212,0.0],[169.374298,-46.268355,0.0],[169.396271,-46.218968,0.0],[169.399018,-46.179045,0.0],[169.401764,-46.146706,0.0],[169.410004,-46.106731,0.0],[169.410004,-46.055292,0.0],[169.410004,-46.005714,0.0],[169.410004,-45.963727,0.0],[169.344086,-45.891131,0.0],[169.30838,-45.870098,0.0],[169.245209,-45.849058,0.0],[169.201264,-45.826095,0.0],[169.10994,-45.770085,0.0],[169.010376,-45.708744,0.0],[168.932099,-45.652616,0.0],[168.801636,-45.564232,0.0],[168.766726,-45.610865,0.0],[168.610938,-45.670507,0.0],[168.531287,-45.69737,0.0],[168.4461428,-45.7395579,0.0],[168.446143,-45.772136,0.0],[168.454383,-45.852541,0.0],[168.4723005,-45.8804076,0.0],[168.487342,-45.898434,0.0],[168.550513,-45.93665,0.0],[168.580726,-45.990107,0.0],[168.632911,-46.030166,0.0],[168.638404,-46.085439,0.0],[168.643897,-46.167292,0.0],[168.660376,-46.226228,0.0],[168.668616,-46.269913,0.0],[168.704322,-46.311667,0.0]]]}},{"type":"Feature","properties":{},"geometry":{"type":"Polygon","coordinates":[[[168.4461423,-45.7400383,0.0],[168.4887309,-45.7179934,0.0],[168.5312872,-45.6978504,0.0],[168.6109389,-45.6709874,0.0],[168.7667282,-45.6113454,0.0],[168.8463789,-45.5055734,0.0],[168.8518729,-45.3938164,0.0],[168.8436329,-45.2953654,0.0],[168.8353928,-45.2373724,0.0],[168.6651034,-45.2431744,0.0],[168.6458772,-45.2702424,0.0],[168.6596103,-45.3069564,0.0],[168.6403841,-45.3397864,0.0],[168.5497464,-45.3204764,0.0],[168.3258975,-45.2972974,0.0],[168.0855694,-45.2799064,0.0],[167.9290131,-45.2992294,0.0],[167.8109091,-45.2721754,0.0],[167.8026691,-45.2064184,0.0],[167.7010452,-45.2605764,0.0],[167.6982982,-45.3243394,0.0],[167.6543528,-45.3976744,0.0],[167.6268865,-45.4689884,0.0],[167.6207095,-45.4908884,0.0],[167.6110954,-45.4936564,0.0],[167.5970173,-45.4957634,0.0],[167.5875742,-45.5016304,0.0],[167.5952112,-45.5033614,0.0],[167.6024643,-45.5027824,0.0],[167.6040313,-45.5075464,0.0],[167.6003523,-45.5123344,0.0],[167.5985123,-45.5212234,0.0],[167.5979363,-45.5287944,0.0],[167.6010823,-45.5308964,0.0],[167.6093774,-45.5281864,0.0],[167.6130394,-45.5337494,0.0],[167.6128124,-45.5403794,0.0],[167.6178484,-45.5458584,0.0],[167.6224265,-45.5459524,0.0],[167.6250595,-45.5512894,0.0],[167.6215124,-45.5547024,0.0],[167.6040693,-45.5679704,0.0],[167.5961022,-45.5710484,0.0],[167.5838781,-45.5689824,0.0],[167.575018,-45.5616994,0.0],[167.5544509,-45.5621434,0.0],[167.5606429,-45.5782294,0.0],[167.5929402,-45.6017584,0.0],[167.6491307,-45.6365034,0.0],[167.6307815,-45.661681,0.0],[168.1531333,-45.8617022,0.0],[168.1538039,-45.8846605,0.0],[168.4723002,-45.880888,0.0],[168.4543826,-45.8530214,0.0],[168.4461425,-45.7726164,0.0],[168.4461423,-45.7400383,0.0]]]}},{"type":"Feature","properties":{},"geometry":{"type":"Polygon","coordinates":[[[169.2796487,-46.62267,0.0],[169.2858287,-46.594367,0.0],[169.2727827,-46.564633,0.0],[169.2837687,-46.499918,0.0],[169.2700357,-46.454051,0.0],[169.2576757,-46.421874,0.0],[169.2727827,-46.38873,0.0],[169.3016217,-46.349406,0.0],[169.3078017,-46.320249,0.0],[169.3085517,-46.308212,0.0],[169.3744697,-46.268355,0.0],[169.3964427,-46.218968,0.0],[168.0804223,-46.2189651,0.0],[168.0756111,-46.3410971,0.0],[168.1129374,-46.34638,0.0],[168.1489033,-46.3601828,0.0],[168.1789557,-46.376415,0.0],[168.2098547,-46.405778,0.0],[168.2325147,-46.448847,0.0],[168.2716537,-46.500391,0.0],[168.2771467,-46.514096,0.0],[168.2524267,-46.514096,0.0],[168.2332007,-46.514568,0.0],[168.2229017,-46.517404,0.0],[168.2256477,-46.52638,0.0],[168.2345747,-46.532522,0.0],[168.2373207,-46.541024,0.0],[168.2290817,-46.550469,0.0],[168.2421277,-46.554718,0.0],[168.2538007,-46.55283,0.0],[168.2743997,-46.563689,0.0],[168.2730267,-46.574546,0.0],[168.2764597,-46.585402,0.0],[168.2888197,-46.59248,0.0],[168.3107917,-46.594367,0.0],[168.3183447,-46.603803,0.0],[168.3183447,-46.612294,0.0],[168.3169717,-46.618897,0.0],[168.3293317,-46.624084,0.0],[168.3478707,-46.625028,0.0],[168.3540507,-46.618897,0.0],[168.3588577,-46.610879,0.0],[168.3712167,-46.600029,0.0],[168.3828897,-46.596726,0.0],[168.4028027,-46.598614,0.0],[168.4179087,-46.604275,0.0],[168.4378217,-46.607105,0.0],[168.4632277,-46.610879,0.0],[168.4961867,-46.609464,0.0],[168.5243387,-46.604746,0.0],[168.5552377,-46.596254,0.0],[168.6060497,-46.58493,0.0],[168.6582347,-46.572658,0.0],[168.6980597,-46.56841,0.0],[168.7584847,-46.569354,0.0],[168.8106697,-46.588233,0.0],[168.8312697,-46.606162,0.0],[168.8271497,-46.622198,0.0],[168.8285227,-46.639173,0.0],[168.8463757,-46.660855,0.0],[168.9438787,-46.658027,0.0],[168.9699717,-46.675933,0.0],[168.9837047,-46.668394,0.0],[169.0070507,-46.679702,0.0],[169.0249037,-46.670279,0.0],[169.0523687,-46.658027,0.0],[169.0482497,-46.670279,0.0],[169.0894477,-46.669337,0.0],[169.1004347,-46.654257,0.0],[169.1169137,-46.645773,0.0],[169.1416327,-46.645773,0.0],[169.1636057,-46.654257,0.0],[169.1883247,-46.656142,0.0],[169.2034307,-46.660855,0.0],[169.2199107,-46.653314,0.0],[169.2405097,-46.64483,0.0],[169.2796487,-46.62267,0.0]]]}},{"type":"Feature","properties":{},"geometry":{"type":"Polygon","coordinates":[[[168.1531368,-45.9195283,0.0],[168.1107142,-45.9468809,0.0],[168.0812809,-45.9990333,0.0],[168.0881433,-46.0967096,0.0],[168.076474,-46.3010945,0.0],[168.6953949,-46.3021802,0.0],[168.668616,-46.269913,0.0],[168.660376,-46.226228,0.0],[168.643897,-46.167292,0.0],[168.638404,-46.085439,0.0],[168.632911,-46.030166,0.0],[168.580726,-45.990107,0.0],[168.550513,-45.93665,0.0],[168.487342,-45.898434,0.0],[168.4723005,-45.8804076,0.0],[168.454383,-45.852541,0.0],[168.4517114,-45.8131493,0.0],[168.1060831,-45.8131103,0.0],[168.1531655,-45.8320189,0.0],[168.1531368,-45.9195283,0.0]]]}},{"type":"Feature","properties":{},"geometry":{"type":"Polygon","coordinates":[[[167.649138,-45.636023,0.0],[167.607666,-45.696538,0.0],[167.553421,-45.78615,0.0],[167.512222,-45.856015,0.0],[167.476269,-45.899711,0.0],[167.446057,-45.943655,0.0],[167.436444,-46.053365,0.0],[167.411725,-46.151441,0.0],[167.488629,-46.152393,0.0],[167.55592,-46.17522,0.0],[167.631451,-46.20089,0.0],[167.722088,-46.25789,0.0],[167.731702,-46.293959,0.0],[167.691876,-46.310088,0.0],[167.691876,-46.33285,0.0],[167.717969,-46.336643,0.0],[167.737195,-46.345175,0.0],[167.733075,-46.362237,0.0],[167.752301,-46.367923,0.0],[167.7729,-46.384977,0.0],[167.798993,-46.39066,0.0],[167.819592,-46.37645,0.0],[167.839582,-46.372151,0.0],[167.8560615,-46.3868359,0.0],[167.8848998,-46.3963079,0.0],[167.914696,-46.3606787,0.0],[167.980966,-46.3799914,0.0],[168.0393951,-46.3854151,0.0],[168.0225766,-46.3619606,0.0],[168.0399156,-46.349997,0.0],[168.0606814,-46.3432436,0.0],[168.0754394,-46.3410971,0.0],[168.1127657,-46.34638,0.0],[168.1487316,-46.3601828,0.0],[168.1652941,-46.3693636,0.0],[168.1645476,-45.8845301,0.0],[168.1753367,-45.8841479,0.0],[168.184722,-45.8447221,0.0],[167.9691154,-45.7607133,0.0],[167.649138,-45.636023,0.0]]]}},{"type":"Feature","properties":{},"geometry":{"type":"MultiPolygon","coordinates":[[[[173.77371540000001,-39.229155779999985,0.0],[173.77560432200005,-39.22553907599996,0.0],[173.77751101500007,-39.223723751999955,0.0],[173.77844580200008,-39.22131642699998,0.0],[173.77842437700008,-39.21951494799998,0.0],[173.77686780400006,-39.21862533899997,0.0],[173.77713615200003,-39.21752805299997,0.0],[173.77741995600002,-39.21636931099994,0.0],[173.77990875600005,-39.21454978899993,0.0],[173.78028422600005,-39.21379943599993,0.0],[173.78181146300005,-39.21243721199994,0.0],[173.78392345400005,-39.21136797199995,0.0],[173.7852560340001,-39.21000710199996,0.0],[173.78540793800005,-39.20655589099994,0.0],[173.7867404000001,-39.20519500399996,0.0],[173.78673309400006,-39.20459153899998,0.0],[173.78883702000007,-39.20307640699997,0.0],[173.78880807100006,-39.20067596499996,0.0],[173.789379638,-39.20007272199996,0.0],[173.78956205600002,-39.199170581999965,0.0],[173.79128758800005,-39.19825715899998,0.0],[173.79185906300006,-39.19764940099998,0.0],[173.79203738900003,-39.196598724999944,0.0],[173.79105796600004,-39.19525465299995,0.0],[173.791032609,-39.19345319599995,0.0],[173.7917949130001,-39.19254675299993,0.0],[173.79449406600008,-39.19222522299998,0.0],[173.79583700800003,-39.191764974999955,0.0],[173.79736768300006,-39.19055558499997,0.0],[173.79794452200008,-39.190398210999945,0.0],[173.80062167500012,-39.188576774999945,0.0],[173.80118942600006,-39.18767169599994,0.0],[173.80233579600008,-39.18676236199997,0.0],[173.80657743300003,-39.186429019999935,0.0],[173.80753298800005,-39.185822848999976,0.0],[173.80926170500004,-39.185210851999955,0.0],[173.80931762900002,-39.18517456999996,0.0],[173.81136875900006,-39.18384384799998,0.0],[173.8113650040001,-39.18354207099998,0.0],[173.81201327000008,-39.18289583999996,0.0],[173.81212530800008,-39.18278415799995,0.0],[173.81327341300005,-39.18202785699998,0.0],[173.8151814050001,-39.18021181299997,0.0],[173.81839500000012,-39.17507988699998,0.0],[173.81894176800006,-39.17252638999997,0.0],[173.81933645700008,-39.171972979999964,0.0],[173.81969808500003,-39.17146673999997,0.0],[173.82257400700007,-39.170093580999946,0.0],[173.83008754000002,-39.16913533999997,0.0],[173.8316212310001,-39.16852448999998,0.0],[173.83505233900007,-39.16534515699993,0.0],[173.8356117520001,-39.16383645199994,0.0],[173.83866264300002,-39.16126352499998,0.0],[173.8407587920001,-39.15914381099998,0.0],[173.84474584800012,-39.154459894999945,0.0],[173.84646992700004,-39.15339251199998,0.0],[173.84935047900012,-39.152469113999985,0.0],[173.85049565600002,-39.151559222999936,0.0],[173.85491220300003,-39.15017320299995,0.0],[173.85662974700006,-39.14880832699998,0.0],[173.85874074600008,-39.14789080199995,0.0],[173.8604581610001,-39.14652596099995,0.0],[173.86314183100012,-39.145450611999934,0.0],[173.86657846800006,-39.14287373499997,0.0],[173.86811235800008,-39.14225790099994,0.0],[173.8725403080001,-39.14162329699997,0.0],[173.8752236040001,-39.14054767299996,0.0],[173.87828358700006,-39.13857256499995,0.0],[173.88267139800007,-39.135230827999976,0.0],[173.8855252940001,-39.13465268899995,0.0],[173.8865184240001,-39.134451713999965,0.0],[173.88977868900008,-39.133222444999944,0.0],[173.89151590000006,-39.13320817899995,0.0],[173.89593047300002,-39.13182053299994,0.0],[173.90508565800008,-39.12468631099995,0.0],[173.90736738700002,-39.122415124999975,0.0],[173.9080878200001,-39.12193718699996,0.0],[173.90876958100012,-39.121484892999945,0.0],[173.90882603900002,-39.12144743699997,0.0],[173.9108053970001,-39.12013423399998,0.0],[173.91502681600002,-39.11874296099995,0.0],[173.91810771200005,-39.11841963399996,0.0],[173.91965412600007,-39.118856997999956,0.0],[173.92121870800008,-39.11893022999993,0.0],[173.92235618000007,-39.11898276699998,0.0],[173.92408641400004,-39.11866626799997,0.0],[173.92524908400003,-39.119106778999935,0.0],[173.92985531600004,-39.11771614899993,0.0],[173.93313754000008,-39.117985328999964,0.0],[173.94256710600007,-39.11684999299996,0.0],[173.9441399090001,-39.116368791999946,0.0],[173.9465969570001,-39.11561687599993,0.0],[173.9474697610001,-39.11519572799995,0.0],[173.94755589600004,-39.11515358599996,0.0],[173.95136954500003,-39.112417723999954,0.0],[173.9561266610001,-39.10993836499995,0.0],[173.956344832,-39.10982464699998,0.0],[173.9573684300001,-39.10906873899995,0.0],[173.96149292100006,-39.106022623999934,0.0],[173.9655129150001,-39.10418532799997,0.0],[173.96895036400008,-39.10205120099994,0.0],[173.97298984400004,-39.101564759999974,0.0],[173.9752841410001,-39.100341613999944,0.0],[173.9770219930001,-39.099805344999936,0.0],[173.97777933700002,-39.09957151599997,0.0],[173.9785302460001,-39.09836205099998,0.0],[173.98044837700002,-39.097745747999966,0.0],[173.9834968350001,-39.09531292999998,0.0],[173.98502525000004,-39.09454686599997,0.0],[173.9893953710001,-39.09045333199998,0.0],[173.99168908500008,-39.089234372999954,0.0],[173.99514071300007,-39.08814882599995,0.0],[173.99839710000003,-39.086767727999984,0.0],[174.00338915700002,-39.08551927499997,0.0],[174.00375931500002,-39.08461499799995,0.0],[174.0066258610001,-39.08308855699994,0.0],[174.0069993190001,-39.082332891999954,0.0],[174.00814132000005,-39.08142148099995,0.0],[174.00851357500005,-39.08067023499996,0.0],[174.0104207060001,-39.079301276999956,0.0],[174.01267702200005,-39.07567679599998,0.0],[174.0128066960001,-39.07554175499996,0.0],[174.01329064100003,-39.075037763999944,0.0],[174.01457119700012,-39.07370427099994,0.0],[174.017026965,-39.070528244999934,0.0],[174.01750145664792,-39.06976576263527,0.0],[174.030288,-39.0996482,0.0],[174.0493755,-39.1676033,0.0],[174.0635828,-39.2951785,0.0],[173.77372706828933,-39.23014055525757,0.0],[173.77371540000001,-39.229155779999985,0.0]]]]}},{"type":"Feature","properties":{},"geometry":{"type":"MultiPolygon","coordinates":[[[[174.26159404500004,-39.618557675999966,0.0],[174.25964020100002,-39.61798055999998,0.0],[174.2549199450001,-39.61473178099993,0.0],[174.24826388500003,-39.61195484399997,0.0],[174.24433290900004,-39.60944905599996,0.0],[174.24349363800002,-39.60872054399994,0.0],[174.24058046900007,-39.60618895299996,0.0],[174.23901835700008,-39.605607119999945,0.0],[174.23644683300006,-39.60308159799996,0.0],[174.23447820500007,-39.601603299999965,0.0],[174.23271446400008,-39.60087506899998,0.0],[174.2300938420001,-39.60068646999997,0.0],[174.2277995620001,-39.60090486699994,0.0],[174.22668738100003,-39.60034216299994,0.0],[174.22137326100005,-39.59649498699997,0.0],[174.2155017990001,-39.59347152199996,0.0],[174.21510218000003,-39.59326598999996,0.0],[174.21023733800007,-39.592566473999966,0.0],[174.2039636620001,-39.58933698699997,0.0],[174.19829741000012,-39.58729430499994,0.0],[174.19343595600003,-39.58674718499998,0.0],[174.19265833000009,-39.58675544099998,0.0],[174.1913020930001,-39.58676998499993,0.0],[174.18197387200007,-39.586121264999974,0.0],[174.17809168700012,-39.586166729999945,0.0],[174.1755547690001,-39.58544122699993,0.0],[174.17206527100006,-39.58563106199995,0.0],[174.1715451350001,-39.58571666199998,0.0],[174.16913490000002,-39.58611505399995,0.0],[174.16819356100007,-39.58627063499995,0.0],[174.1656683860001,-39.58614835099996,0.0],[174.16138034300002,-39.58514354099998,0.0],[174.15561646600008,-39.58294939599995,0.0],[174.15529250200007,-39.58282606499995,0.0],[174.15105316300003,-39.58121205599997,0.0],[174.15063345500005,-39.58105225199995,0.0],[174.14615416000004,-39.580202000999975,0.0],[174.14170148000005,-39.580698052999935,0.0],[174.13994950500012,-39.58056733899997,0.0],[174.13585258000012,-39.579257749999954,0.0],[174.13254772300002,-39.578994087999945,0.0],[174.1313760810001,-39.57855553699994,0.0],[174.12905089200012,-39.57860166599994,0.0],[174.11585498300008,-39.57886507499995,0.0],[174.11012594700003,-39.577451147999966,0.0],[174.10884128100008,-39.57713335099993,0.0],[174.10536848000004,-39.57852363099994,0.0],[174.10381806600003,-39.578539,0.0],[174.09992394300002,-39.577825264999944,0.0],[174.0975935470001,-39.57769956599998,0.0],[174.09057218200007,-39.57566953199995,0.0],[174.088244292,-39.57569234799996,0.0],[174.08668557300007,-39.575405787999955,0.0],[174.08281729600003,-39.57604698899996,0.0],[174.08030850600005,-39.57697216399998,0.0],[174.07681673700006,-39.577006015999984,0.0],[174.0743532990001,-39.57602296899995,0.0],[174.07388531700008,-39.57583620899993,0.0],[174.07173624300003,-39.57383451599998,0.0],[174.0705349740001,-39.57271555899996,0.0],[174.067400979,-39.57094398399994,0.0],[174.0646726000001,-39.57007376499996,0.0],[174.06466441300006,-39.570068155999934,0.0],[174.06251308900005,-39.56859445199996,0.0],[174.0605575400001,-39.56771229299994,0.0],[174.0603536010001,-39.56711068399994,0.0],[174.0580094500001,-39.56608356899994,0.0],[174.05389485000012,-39.56372185199996,0.0],[174.0499902800001,-39.56225892699996,0.0],[174.04843562700012,-39.56197631799995,0.0],[174.04589383200005,-39.560797596999976,0.0],[174.0359678320001,-39.55879160999996,0.0],[174.0318962660001,-39.55913132699993,0.0],[174.03072337200012,-39.55854312899993,0.0],[174.0293701490001,-39.558857444999944,0.0],[174.02572073600004,-39.55841259999994,0.0],[174.02023483200003,-39.55774367099997,0.0],[174.0176822510001,-39.55581681799998,0.0],[174.01613465900004,-39.55597962799993,0.0],[174.0155620280001,-39.556583871999976,0.0],[174.01466837800012,-39.55659203799996,0.0],[174.0140086010001,-39.55659806699998,0.0],[174.0112620010001,-39.55467285399993,0.0],[174.00873265300004,-39.554245496999954,0.0],[174.00462625000011,-39.55203518299993,0.0],[174.00306614600004,-39.551598868999974,0.0],[173.99996767300001,-39.55192861299997,0.0],[173.99925925000002,-39.55232971799995,0.0],[173.9972757370001,-39.55345272499994,0.0],[173.99183439900003,-39.55275384399994,0.0],[173.99056789000008,-39.55296156999998,0.0],[173.98892879700009,-39.55323019699995,0.0],[173.98835144400005,-39.55353715999996,0.0],[173.9873811860001,-39.55339262499996,0.0],[173.9859274380001,-39.55221068499998,0.0],[173.9848275610001,-39.55131641299994,0.0],[173.9826814930001,-39.55058778199998,0.0],[173.98093422600004,-39.54949946599993,0.0],[173.9793519430001,-39.54851386299998,0.0],[173.9746761550001,-39.54705524899998,0.0],[173.97253699200007,-39.54677679099996,0.0],[173.97194424200006,-39.546029816999976,0.0],[173.96704389600006,-39.54247389699998,0.0],[173.9641232570001,-39.541001679999965,0.0],[173.96411024500003,-39.54099512099998,0.0],[173.95767501500006,-39.53865486999996,0.0],[173.95545413000002,-39.53828355799993,0.0],[173.9533973010001,-39.53793963299995,0.0],[173.95143966400008,-39.53817458599997,0.0],[173.95068889700008,-39.538264681999976,0.0],[173.94874375200004,-39.539573108999946,0.0],[173.94758117100002,-39.53683398199996,0.0],[173.94635761100005,-39.53395092599993,0.0],[173.94408228500004,-39.53043303099997,0.0],[173.94278554400012,-39.52842794899993,0.0],[173.94200127300007,-39.52783560399996,0.0],[173.93947965400002,-39.527857092999966,0.0],[173.93849076200001,-39.52636562099997,0.0],[173.93537925600003,-39.52579298799998,0.0],[173.93516168100007,-39.524141863999944,0.0],[173.93319216100008,-39.52205961699997,0.0],[173.93025499500004,-39.520134172999974,0.0],[173.92850000600004,-39.51939671599996,0.0],[173.92761821300007,-39.51921583799998,0.0],[173.9249972030001,-39.51867846799996,0.0],[173.92209189300002,-39.518851361999964,0.0],[173.92037325700005,-39.51961125599996,0.0],[173.92035793000002,-39.51961803199998,0.0],[173.91927749800004,-39.519591048999985,0.0],[173.91589591700006,-39.519506526999976,0.0],[173.91470396300008,-39.51741305799993,0.0],[173.91238645800001,-39.51803574099995,0.0],[173.91063997300012,-39.51790160699994,0.0],[173.9103982480001,-39.514449008999975,0.0],[173.90939842600005,-39.51235839299994,0.0],[173.90881086500008,-39.51191283299994,0.0],[173.90878244300006,-39.511875293999935,0.0],[173.90643854000007,-39.50877954499998,0.0],[173.9057869710001,-39.50847056699996,0.0],[173.90487944100005,-39.50804019999998,0.0],[173.90542656000002,-39.50578822499995,0.0],[173.904239264,-39.503996391999976,0.0],[173.90090003800003,-39.50087095199996,0.0],[173.90050176900002,-39.49997336499996,0.0],[173.89817310500007,-39.49999236899998,0.0],[173.89504195000006,-39.497770328999934,0.0],[173.89503373000002,-39.497166909999976,0.0],[173.89405313400005,-39.49627405099994,0.0],[173.89364953000006,-39.49522792899995,0.0],[173.89286190100006,-39.49433348599996,0.0],[173.89284771100006,-39.49328418999994,0.0],[173.89224823300003,-39.49193786999996,0.0],[173.89028902600012,-39.49045386599994,0.0],[173.88774779800008,-39.488821487999985,0.0],[173.88407324700006,-39.48945459099997,0.0],[173.8830965850001,-39.48901203599996,0.0],[173.88306850100003,-39.48691334499995,0.0],[173.88306646900003,-39.48676021399996,0.0],[173.88149064000004,-39.48497126999996,0.0],[173.88013047300012,-39.48453177699997,0.0],[173.87952301600012,-39.48273952499994,0.0],[173.87933514300005,-39.482421486999954,0.0],[173.8787286060001,-39.48139469599994,0.0],[173.87785652900004,-39.480544675999965,0.0],[173.8759787680001,-39.478714312999955,0.0],[173.87381580800002,-39.47618224099995,0.0],[173.8730334170001,-39.47573804999996,0.0],[173.87282350500004,-39.474537158999965,0.0],[173.8720948030001,-39.473792076999985,0.0],[173.86930752700005,-39.47094195599993,0.0],[173.86889421600006,-39.47051929799994,0.0],[173.86656439700005,-39.46922341099997,0.0],[173.86596371500002,-39.46888943299996,0.0],[173.8659480020001,-39.46769149599993,0.0],[173.86671447800006,-39.46693329799996,0.0],[173.86611370200012,-39.46543820199997,0.0],[173.86494025900004,-39.46484389999995,0.0],[173.86105859500003,-39.46412679499997,0.0],[173.8604662780001,-39.46353237699998,0.0],[173.85892239600003,-39.46384629999994,0.0],[173.85774865000008,-39.46295464199994,0.0],[173.8569569010001,-39.46175828099996,0.0],[173.85732234500006,-39.460107010999934,0.0],[173.85768442100004,-39.45943148499998,0.0],[173.85788961800006,-39.459048638999946,0.0],[173.85785633900002,-39.45888161999994,0.0],[173.8576808470001,-39.458000855999956,0.0],[173.85612339600004,-39.457260832999964,0.0],[173.85263809200012,-39.45758975799998,0.0],[173.8524852480001,-39.457641140999954,0.0],[173.85109793800007,-39.45810750499993,0.0],[173.84897604700006,-39.458820731999936,0.0],[173.848003983,-39.458679632999974,0.0],[173.8470295310001,-39.458088111999984,0.0],[173.84720576300003,-39.45688417699995,0.0],[173.8487263300001,-39.454769124999984,0.0],[173.8487186740001,-39.45417010699998,0.0],[173.84695656200006,-39.452683917999934,0.0],[173.8450179570001,-39.45255027799993,0.0],[173.84267009200005,-39.45076765999994,0.0],[173.84130083200012,-39.44972788699994,0.0],[173.8395482730001,-39.44914228799996,0.0],[173.83950801900005,-39.44598982399998,0.0],[173.83872628100005,-39.44554548299993,0.0],[173.83408894800004,-39.44633303699993,0.0],[173.83253616700006,-39.446191735999946,0.0],[173.83175605300005,-39.44559860199996,0.0],[173.831921189,-39.44349849699995,0.0],[173.83133278800005,-39.44289948499994,0.0],[173.83148655000002,-39.43989868399996,0.0],[173.82647457100006,-39.43581897499996,0.0],[173.81974406400002,-39.43033929699993,0.0],[173.81778819600004,-39.42874667999996,0.0],[173.8162340570001,-39.42846103099998,0.0],[173.81603311600009,-39.42771039599995,0.0],[173.8142726210001,-39.42652547899996,0.0],[173.81252129300003,-39.42578640199997,0.0],[173.80782730400006,-39.42206940799997,0.0],[173.80762307600003,-39.42132328499997,0.0],[173.80591107500004,-39.420280239999954,0.0],[173.80567241100005,-39.42013523199995,0.0],[173.80295765400012,-39.419704828999954,0.0],[173.79984777200002,-39.41867818099996,0.0],[173.79770041200004,-39.417342701999985,0.0],[173.797483488,-39.415547312999934,0.0],[173.7949544270001,-39.41451177599998,0.0],[173.79258511700004,-39.41093040299995,0.0],[173.79159186300012,-39.40868570599997,0.0],[173.79155011600005,-39.405500065999945,0.0],[173.79154860300002,-39.40538466399994,0.0],[173.78976545600005,-39.401943105999976,0.0],[173.78939514400008,-39.40166161999997,0.0],[173.78644350100012,-39.39941784999996,0.0],[173.78602586800002,-39.39702029299997,0.0],[173.78545437600008,-39.396276557999954,0.0],[173.7843923900001,-39.39489444399993,0.0],[173.78390037300005,-39.39425436899995,0.0],[173.78327208000007,-39.39343698999994,0.0],[173.78149501200005,-39.390450105999946,0.0],[173.78148375000012,-39.389698040999974,0.0],[173.78148190000002,-39.38954940999997,0.0],[173.77991317700003,-39.38775899399997,0.0],[173.77910326000006,-39.38476522499997,0.0],[173.77851571100007,-39.38416583999998,0.0],[173.778874351,-39.381915842999945,0.0],[173.77788026000007,-39.37981957699998,0.0],[173.7776721040001,-39.37861856799998,0.0],[173.77590456000007,-39.37638366899995,0.0],[173.7756829220001,-39.37413331199997,0.0],[173.7743019300001,-39.371891124999934,0.0],[173.77273853100007,-39.37070424999996,0.0],[173.7727083750001,-39.36815072899998,0.0],[173.77191200200002,-39.366354796999985,0.0],[173.771131,-39.36576133999995,0.0],[173.77168994500005,-39.36395578599996,0.0],[173.7718354540001,-39.36157363299998,0.0],[173.77201085700005,-39.35870188599995,0.0],[173.77194880100012,-39.353446288999976,0.0],[173.77014850400008,-39.348657867999975,0.0],[173.7699177290001,-39.34551396399996,0.0],[173.76991765000002,-39.34550675699995,0.0],[173.7689366730001,-39.344464254999934,0.0],[173.76813177300005,-39.34191619699993,0.0],[173.76788869500012,-39.33771571899996,0.0],[173.7670151530001,-39.33611160899994,0.0],[173.7651206170001,-39.33263233099996,0.0],[173.76451266000004,-39.33053780399996,0.0],[173.76313461600012,-39.32844409099994,0.0],[173.76235470100005,-39.32770191599997,0.0],[173.76173628700008,-39.32470214199998,0.0],[173.76074875900008,-39.32306069799995,0.0],[173.7606518460001,-39.32245617099994,0.0],[173.76012348300003,-39.31916015999997,0.0],[173.76086844100007,-39.31690748899996,0.0],[173.760617044,-39.315623664999976,0.0],[173.76025193200007,-39.31375904099997,0.0],[173.75921277200007,-39.310945285999935,0.0],[173.7576539910001,-39.30672409399995,0.0],[173.75724468500005,-39.304925338999965,0.0],[173.75719502700008,-39.30484977399993,0.0],[173.75685284500003,-39.30432906599998,0.0],[173.7552912120001,-39.30313742199996,0.0],[173.75583601300002,-39.30012950699995,0.0],[173.75580945100012,-39.29795651999996,0.0],[173.75577001200008,-39.294729727999936,0.0],[173.75496042300006,-39.29158258199993,0.0],[173.75397051800007,-39.28949063999994,0.0],[173.75370991500006,-39.28772599699994,0.0],[173.753678916,-39.28751608299996,0.0],[173.75354925800002,-39.28663807899994,0.0],[173.7527624170001,-39.285445522999964,0.0],[173.75175824500002,-39.282299696999985,0.0],[173.75169764700001,-39.27734580499998,0.0],[173.75367358100004,-39.27173615399994,0.0],[173.7548766000001,-39.268320349999954,0.0],[173.75487727000007,-39.26831923599997,0.0],[173.75695940200012,-39.26485126599994,0.0],[173.76098503200012,-39.26226927799996,0.0],[173.76230678000002,-39.259859295999945,0.0],[173.76422354400006,-39.25849466799997,0.0],[173.7663020760001,-39.254728144999945,0.0],[173.76801857700002,-39.25291432399996,0.0],[173.769157639,-39.25125330099996,0.0],[173.77240940500008,-39.248676383999964,0.0],[173.7723952120001,-39.24747846499997,0.0],[173.77159336300008,-39.246623125999974,0.0],[173.77141788300003,-39.246435936999944,0.0],[173.77160366600003,-39.245984257999964,0.0],[173.772754909,-39.24537248299998,0.0],[173.77313358300012,-39.24477078299998,0.0],[173.77505565100012,-39.244004856999936,0.0],[173.7757680100001,-39.24185408499994,0.0],[173.7758026690001,-39.24174754799998,0.0],[173.7744408850001,-39.24100958699995,0.0],[173.77608680900005,-39.23348963899997,0.0],[173.77568634400006,-39.23244311899998,0.0],[173.77373498400004,-39.230808621999984,0.0],[173.77372706828933,-39.23014055525757,0.0],[174.0635828,-39.2951785,0.0],[174.1176594,-39.4302443,0.0],[174.2995496,-39.43037,0.0],[174.26786414795595,-39.61848310126204,0.0],[174.26159404500004,-39.618557675999966,0.0]]]]}},{"type":"Feature","properties":{},"geometry":{"type":"MultiPolygon","coordinates":[[[[174.51052305500002,-39.779053974999954,0.0],[174.5116803190001,-39.77858806699993,0.0],[174.51151124600005,-39.779639850999956,0.0],[174.5109241890001,-39.77949904899998,0.0],[174.51052305500002,-39.779053974999954,0.0]]],[[[174.64737808900009,-39.834454526999934,0.0],[174.63839242100005,-39.833386409999946,0.0],[174.6370060800001,-39.83250549799993,0.0],[174.63666612200007,-39.83255812599998,0.0],[174.63486978700007,-39.83283810399996,0.0],[174.63093032900008,-39.83094423599994,0.0],[174.62190212500002,-39.82822227299994,0.0],[174.61956586600002,-39.82825572799993,0.0],[174.61681326100006,-39.82724537599995,0.0],[174.61581993100003,-39.82651176799993,0.0],[174.60679171900006,-39.82363999299997,0.0],[174.59489871000005,-39.82320881299995,0.0],[174.59311235500002,-39.821882578999976,0.0],[174.5872018340001,-39.81896541799995,0.0],[174.5817227980001,-39.817992398999934,0.0],[174.58141169300006,-39.81787782999993,0.0],[174.57857874900003,-39.816838022999946,0.0],[174.5725405710001,-39.81677338999998,0.0],[174.56863171100008,-39.816228475999935,0.0],[174.5647460340001,-39.81658397199993,0.0],[174.56223942200006,-39.817668226999956,0.0],[174.5608682840001,-39.81738528799997,0.0],[174.55120554200005,-39.81227019499994,0.0],[174.5413319380001,-39.80640034999993,0.0],[174.54007624000008,-39.80593727799993,0.0],[174.5377944180001,-39.80509713499998,0.0],[174.53442942800007,-39.802593145999936,0.0],[174.53243163600007,-39.800521120999974,0.0],[174.52151411500006,-39.79136192599998,0.0],[174.51553237600012,-39.78528893299995,0.0],[174.5111629260001,-39.78144638599997,0.0],[174.51133860700008,-39.780691771999955,0.0],[174.51636181300012,-39.77897133199997,0.0],[174.51771165000002,-39.778354039999954,0.0],[174.5175087570001,-39.77805502399997,0.0],[174.51363629900004,-39.77901232299996,0.0],[174.51265156300008,-39.778421917999935,0.0],[174.51243863900004,-39.77767695999995,0.0],[174.51184489900004,-39.77723440099993,0.0],[174.51049283800012,-39.77770293699996,0.0],[174.50838678600007,-39.77923111399997,0.0],[174.5072194720001,-39.77924673299998,0.0],[174.50349927600007,-39.77824667599998,0.0],[174.49919766000005,-39.777407324999956,0.0],[174.48976062000008,-39.773329272999945,0.0],[174.4888914920001,-39.77320637699995,0.0],[174.48780823200002,-39.77305319299995,0.0],[174.48663442100008,-39.77277134099995,0.0],[174.48068938200004,-39.76804747199998,0.0],[174.47713626200004,-39.765841620999936,0.0],[174.47244499300007,-39.76485327599994,0.0],[174.4679365710001,-39.76341194799994,0.0],[174.466387391,-39.76373383599997,0.0],[174.46579731000008,-39.76343970999994,0.0],[174.46498628900008,-39.76195015299993,0.0],[174.4625649190001,-39.76097218199993,0.0],[174.45612386300002,-39.75726287499998,0.0],[174.45023392300004,-39.75493775699994,0.0],[174.4470831980001,-39.753180836999945,0.0],[174.44193795900003,-39.749192525999945,0.0],[174.4411392410001,-39.74830184399997,0.0],[174.43995955600008,-39.747717825999985,0.0],[174.4362003330001,-39.744765696999934,0.0],[174.43222593600012,-39.74106385099998,0.0],[174.42610005300003,-39.73668192399998,0.0],[174.42457051000008,-39.73558769599998,0.0],[174.41841866100003,-39.732233649999955,0.0],[174.4178132510001,-39.73119171899998,0.0],[174.41701512100008,-39.73024771199994,0.0],[174.41442102100007,-39.72718027999997,0.0],[174.413033465,-39.72599940099997,0.0],[174.40823977700006,-39.72005488599996,0.0],[174.40505542800008,-39.716619339999966,0.0],[174.4046789780001,-39.71621316399995,0.0],[174.40246572000012,-39.713825019999945,0.0],[174.3991033110001,-39.711164028999974,0.0],[174.3977143080001,-39.70982993299998,0.0],[174.3965139060001,-39.708196199999975,0.0],[174.3915580160001,-39.703752916999974,0.0],[174.38859948100003,-39.701690302999964,0.0],[174.38084503100004,-39.68989463599996,0.0],[174.38076798100008,-39.68977754699995,0.0],[174.37819741300007,-39.687709953999956,0.0],[174.3730402110001,-39.68281793099993,0.0],[174.3722370810001,-39.681629543999975,0.0],[174.36787091600002,-39.677178149999975,0.0],[174.3636903570001,-39.67242714199995,0.0],[174.36228455200012,-39.67019191299994,0.0],[174.359090787,-39.66618095699994,0.0],[174.35550580200004,-39.662559389999956,0.0],[174.35391780700002,-39.660238800999934,0.0],[174.34997118600006,-39.657286244999966,0.0],[174.35034901000006,-39.65683126899995,0.0],[174.35027597300007,-39.656619528999954,0.0],[174.35014238000008,-39.656234637999944,0.0],[174.34858595800006,-39.65610021699996,0.0],[174.34503088000008,-39.65329139299996,0.0],[174.34461946300007,-39.65224680999995,0.0],[174.34344835100012,-39.651963457999955,0.0],[174.34108206400003,-39.650189918999956,0.0],[174.33577576000005,-39.64725319199994,0.0],[174.33412900400003,-39.64659705799994,0.0],[174.3248084270001,-39.642882981999946,0.0],[174.32145528500007,-39.640368473999956,0.0],[174.31927634700003,-39.63829499299993,0.0],[174.31496507400004,-39.63639516499995,0.0],[174.310681648,-39.635846165999965,0.0],[174.31008742500012,-39.63524950699997,0.0],[174.30735276100006,-39.63453364099996,0.0],[174.30557041100008,-39.632752609999955,0.0],[174.30417200500005,-39.63081842599996,0.0],[174.30239049500005,-39.62919047299994,0.0],[174.29885828500005,-39.62728094099998,0.0],[174.2957269410001,-39.62639759499996,0.0],[174.295722317,-39.626396290999935,0.0],[174.29221655700007,-39.62540719599997,0.0],[174.28929320500004,-39.624841721999985,0.0],[174.284203788,-39.62279650599993,0.0],[174.2822296050001,-39.62117045799994,0.0],[174.2796857620001,-39.62014996399995,0.0],[174.27836607200004,-39.620028471999944,0.0],[174.27676838000002,-39.61988137599997,0.0],[174.27481437900008,-39.61930451599994,0.0],[174.2711175180001,-39.618896062999966,0.0],[174.26974862100008,-39.61846116799995,0.0],[174.2689718150001,-39.61846992699998,0.0],[174.26786414795595,-39.61848310126204,0.0],[174.2995496,-39.43037,0.0],[174.3716474,-39.4305026,0.0],[174.3481574,-39.4720546,0.0],[174.6391102,-39.6941202,0.0],[174.64857349870016,-39.83479221042794,0.0],[174.64737808900009,-39.834454526999934,0.0]]]]}},{"type":"Feature","properties":{},"geometry":{"type":"MultiPolygon","coordinates":[[[[174.64857349870016,-39.83479221042794,0.0],[174.6391102,-39.6941202,0.0],[174.3481574,-39.4720546,0.0],[174.3716474,-39.4305026,0.0],[174.3022753,-39.1466328,0.0],[174.3431747,-39.0747018,0.0],[174.8411493,-38.9389284,0.0],[174.9343025,-39.0784543,0.0],[174.6532441,-39.3882726,0.0],[174.64868180913996,-39.83482280633209,0.0],[174.64857349870016,-39.83479221042794,0.0]]]]}},{"type":"Feature","properties":{},"geometry":{"type":"MultiPolygon","coordinates":[[[[174.39101431200004,-38.988278081999965,0.0],[174.39369075900004,-38.98734343999996,0.0],[174.3938687100001,-38.98673753099996,0.0],[174.39692939000008,-38.985797952999974,0.0],[174.39731879500005,-38.98609482099994,0.0],[174.39827945600007,-38.98593403199993,0.0],[174.40247221300012,-38.983925873999965,0.0],[174.40284602200006,-38.98347056999995,0.0],[174.4041678970001,-38.983231875999934,0.0],[174.4055291310001,-38.98298611599995,0.0],[174.41028178500005,-38.98022264599996,0.0],[174.41064402400002,-38.979163856999946,0.0],[174.41311342900008,-38.977632176999975,0.0],[174.41329785200003,-38.977179313999955,0.0],[174.41481923800006,-38.97640754399998,0.0],[174.41597015100012,-38.97624421199998,0.0],[174.41919437600006,-38.973950360999936,0.0],[174.41918797200003,-38.97364863799993,0.0],[174.42052283400005,-38.97318104399994,0.0],[174.42089367100004,-38.97242842199995,0.0],[174.42223166200006,-38.972109418999935,0.0],[174.4246794510001,-38.96952352799997,0.0],[174.42582071900006,-38.96890967899998,0.0],[174.42712373000006,-38.96694222299993,0.0],[174.42998600700002,-38.96585114699997,0.0],[174.4356720190001,-38.961871695999946,0.0],[174.43625125800008,-38.96186420699996,0.0],[174.43628635000005,-38.96351710299996,0.0],[174.43861630800006,-38.96453659499997,0.0],[174.44053446400005,-38.96420977699995,0.0],[174.44320580800002,-38.963274067999976,0.0],[174.44300269500002,-38.96267748199995,0.0],[174.4414783950001,-38.96344965399993,0.0],[174.43974449000007,-38.96331907999996,0.0],[174.4383852950001,-38.96273755699997,0.0],[174.43874908200007,-38.96183181299995,0.0],[174.4398772190001,-38.96061429799994,0.0],[174.44002314400007,-38.958364304999975,0.0],[174.4422567160001,-38.95487979099994,0.0],[174.44396477500004,-38.95380785899994,0.0],[174.4447093870001,-38.952743959999964,0.0],[174.44791212400003,-38.949701748999985,0.0],[174.44980721500008,-38.948325429999954,0.0],[174.44996207400004,-38.94666999499998,0.0],[174.45108912900002,-38.94504697999997,0.0],[174.45280317100003,-38.94427214099994,0.0],[174.45655309100005,-38.93956459399993,0.0],[174.46222835100002,-38.93498471099997,0.0],[174.46578335200002,-38.93027939999996,0.0],[174.46748052200007,-38.92875221699995,0.0],[174.4686377710001,-38.92714296799994,0.0],[174.4700972380001,-38.925113341999975,0.0],[174.47220436300006,-38.924783538999975,0.0],[174.4725710560001,-38.92387765199993,0.0],[174.47406795000006,-38.921907044999955,0.0],[174.4742680810001,-38.92055640899997,0.0],[174.47440169000004,-38.919649945999936,0.0],[174.47778134300006,-38.91569891599994,0.0],[174.47793568400004,-38.91531301899994,0.0],[174.47814545000006,-38.91478853999996,0.0],[174.47852521000004,-38.914486161999946,0.0],[174.48005437400002,-38.91416389899996,0.0],[174.48049697500005,-38.913722406999966,0.0],[174.48570299800008,-38.908528890999946,0.0],[174.4887348840001,-38.90638431499997,0.0],[174.4892782270001,-38.90487675199995,0.0],[174.49022428000012,-38.90411161399993,0.0],[174.4917511010001,-38.903640579999944,0.0],[174.49325356100007,-38.90196695299994,0.0],[174.4941796050001,-38.90030104799996,0.0],[174.4955359088917,-38.89868188813398,0.0],[174.50887390721894,-38.891851772097795,0.0],[174.50939234600003,-38.89243605399997,0.0],[174.51113463700005,-38.893011531999946,0.0],[174.5134092400001,-38.89284539999994,0.0],[174.51362908600004,-38.89282885599994,0.0],[174.5159176200001,-38.89189654799998,0.0],[174.5198848670001,-38.88898996199998,0.0],[174.52172688200005,-38.88764029099997,0.0],[174.5217489790001,-38.88762409999998,0.0],[174.52239532700003,-38.88715049299998,0.0],[174.5238631730001,-38.88607490299995,0.0],[174.52557399900002,-38.88515039599997,0.0],[174.53105906187443,-38.880491208326525,0.0],[174.5432896,-38.8742282,0.0],[174.55235120189104,-38.86178982595394,0.0],[174.55422739400012,-38.85996434799995,0.0],[174.5545537121778,-38.858766558421706,0.0],[174.55549463848214,-38.857474999438644,0.0],[174.55646266400004,-38.85677925199997,0.0],[174.5583382100001,-38.854797565999945,0.0],[174.5605619469162,-38.85051937741203,0.0],[174.5821216,-38.8209256,0.0],[174.5833199299669,-38.81670119637936,0.0],[174.5841660760001,-38.816271007999944,0.0],[174.58589319500004,-38.816246399999955,0.0],[174.59283186000005,-38.81719677999996,0.0],[174.59497310300003,-38.81852215699996,0.0],[174.5976757420001,-38.81908251599998,0.0],[174.59943818300007,-38.82040875599995,0.0],[174.60000329700006,-38.81995002299993,0.0],[174.5978514830001,-38.81832758099995,0.0],[174.594758371,-38.817470930999946,0.0],[174.59239688800005,-38.81510349699994,0.0],[174.59123503000012,-38.814669598999956,0.0],[174.5892758230001,-38.81304418999997,0.0],[174.5886790520001,-38.812151581999956,0.0],[174.58677035200003,-38.812629510999955,0.0],[174.58620869000003,-38.813236692999965,0.0],[174.5860363260001,-38.81414029999996,0.0],[174.5854711610001,-38.814598875999934,0.0],[174.58450630200002,-38.81446403999996,0.0],[174.58406302516633,-38.81408160566758,0.0],[174.58786332959176,-38.80068461133581,0.0],[174.58916215700003,-38.79982231199995,0.0],[174.58873780800002,-38.79802617699994,0.0],[174.5892746840001,-38.79636498699995,0.0],[174.58911161919193,-38.796284087897206,0.0],[174.58942730485225,-38.79517121941912,0.0],[174.58943885100007,-38.79516418399993,0.0],[174.59036821400002,-38.79379467799998,0.0],[174.5915231890001,-38.789795684999945,0.0],[174.59188859800008,-38.788530401999935,0.0],[174.592676954,-38.785800449999954,0.0],[174.59378791100005,-38.78398230899995,0.0],[174.59374911100008,-38.78232930699994,0.0],[174.59425756300004,-38.77946999899996,0.0],[174.5953800320001,-38.77809772599994,0.0],[174.59550523600012,-38.775244002999955,0.0],[174.59662771000012,-38.774024871999984,0.0],[174.59655361400007,-38.770872064999935,0.0],[174.59786444200006,-38.76934836299995,0.0],[174.59787777100007,-38.76903547499995,0.0],[174.59799068000007,-38.76649452999993,0.0],[174.60004188800008,-38.763910393999936,0.0],[174.59996757500005,-38.760757586999944,0.0],[174.6012570680001,-38.75848169599993,0.0],[174.60121461900007,-38.756680090999964,0.0],[174.6024910860001,-38.75380967299998,0.0],[174.60245791800003,-38.752305331999935,0.0],[174.6033523850001,-38.74958905999995,0.0],[174.60455997000008,-38.74371438199995,0.0],[174.60505046359168,-38.74009579765121,0.0],[174.6059106684709,-38.73706336692961,0.0],[174.6064788430001,-38.73557221799996,0.0],[174.60806469500005,-38.73428492099998,0.0],[174.6087087310001,-38.73383794199998,0.0],[174.61138490100006,-38.73204516499993,0.0],[174.61132214100007,-38.731776656999955,0.0],[174.61117376800007,-38.73114716099997,0.0],[174.61021352400007,-38.731161113999974,0.0],[174.607946684,-38.73269441799994,0.0],[174.60714670947482,-38.732706022761995,0.0],[174.6129784,-38.7121479,0.0],[174.61372967130123,-38.70656186218977,0.0],[174.61400950100006,-38.70643316299993,0.0],[174.614610512,-38.70614992199995,0.0],[174.61461222100002,-38.70614909599993,0.0],[174.61465464200012,-38.70612858199996,0.0],[174.61401958400006,-38.70526192999995,0.0],[174.61391628351183,-38.705174317021296,0.0],[174.6333097,-38.5609756,0.0],[174.8109233,-38.5823788,0.0],[174.883993,-38.7756548,0.0],[174.8638086,-38.9325191,0.0],[174.3431747,-39.0747018,0.0],[174.38896510796073,-38.98938319776769,0.0],[174.39101431200004,-38.988278081999965,0.0]]]]}},{"type":"Feature","properties":{},"geometry":{"type":"MultiPolygon","coordinates":[[[[173.0104575,-41.2874965,0.0],[173.0506905,-41.2660827,0.0],[173.0489173,-41.2265368,0.0],[173.0384398,-41.191008,0.0],[173.0231554,-41.1766674,0.0],[172.9962227,-41.1872361,0.0],[172.9497212,-41.1763469,0.0],[172.9363715,-41.2047798,0.0],[172.9188846,-41.2502575,0.0],[172.9273667,-41.2730923,0.0],[173.0104575,-41.2874965,0.0]]]]}},{"type":"Feature","properties":{},"geometry":{"type":"MultiPolygon","coordinates":[[[[173.01979143100004,-41.05012537199997,0.0],[173.01899702100002,-41.05072433599997,0.0],[173.01800740900012,-41.05087309899994,0.0],[173.01740345300004,-41.05056840499998,0.0],[173.01622294000003,-41.04997282099998,0.0],[173.01304933200004,-41.04997313399997,0.0],[173.0108668160001,-41.051022417999945,0.0],[173.00908250800012,-41.05132419399996,0.0],[173.00769444000002,-41.05192312599996,0.0],[173.00670129000002,-41.05342697399993,0.0],[173.0049170420001,-41.054327515999944,0.0],[173.00432238300004,-41.057177588999934,0.0],[173.0021394250001,-41.05928017499997,0.0],[173.00180873400006,-41.06363229899995,0.0],[173.0017408430001,-41.06453004799994,0.0],[173.00074981900002,-41.06573222099996,0.0],[173.00082234700005,-41.065742126999965,0.0],[173.00392411300004,-41.066182380999976,0.0],[173.00729391100003,-41.06978428699995,0.0],[173.00729402700006,-41.070837842999936,0.0],[173.00550925400012,-41.07098645599996,0.0],[173.0029307420001,-41.069482678999975,0.0],[173.0017408760001,-41.06948270299995,0.0],[173.00154096300002,-41.070234641999946,0.0],[173.0033258080001,-41.07173388299998,0.0],[173.00511067800005,-41.07248584299998,0.0],[173.00630059800005,-41.07248578399998,0.0],[173.00669923100008,-41.072787380999955,0.0],[173.00828542500005,-41.07293597199998,0.0],[173.0094754270001,-41.07413803999998,0.0],[173.0104658570001,-41.07743821799994,0.0],[173.01106098900004,-41.07849171799995,0.0],[173.01006753800004,-41.080139687999974,0.0],[173.01066264100007,-41.08029274099994,0.0],[173.01185610000005,-41.079540779999945,0.0],[173.01245094800004,-41.07834306299998,0.0],[173.01344089200006,-41.07773961999993,0.0],[173.0144347160001,-41.07879314499996,0.0],[173.01602092500002,-41.07834271199994,0.0],[173.0169217550001,-41.07922771199998,0.0],[173.01800512700004,-41.08029200799996,0.0],[173.0201864700001,-41.07999002699995,0.0],[173.02098037700011,-41.08044461199995,0.0],[173.02098046900005,-41.08104343999997,0.0],[173.01959192800007,-41.08179111499993,0.0],[173.017212222,-41.08359238999998,0.0],[173.01582260700002,-41.08599681299995,0.0],[173.01650016700012,-41.08621675999996,0.0],[173.0172092370001,-41.086446928999976,0.0],[173.01859913700002,-41.08554626499995,0.0],[173.02058293400012,-41.08494719099997,0.0],[173.02336179500003,-41.08464504199998,0.0],[173.0267339610001,-41.08599506799993,0.0],[173.03129928200008,-41.08854692699998,0.0],[173.03308529900005,-41.090045790999966,0.0],[173.03487020900002,-41.09635324799996,0.0],[173.03507201900004,-41.100103659999945,0.0],[173.03427736300011,-41.10130605299997,0.0],[173.03348349500004,-41.101603402999956,0.0],[173.03348283200012,-41.100104132999945,0.0],[173.03388137100012,-41.09965379499994,0.0],[173.0320940030001,-41.095750635999934,0.0],[173.03149866700005,-41.09530057699993,0.0],[173.03050471100005,-41.095300753999936,0.0],[173.029713355,-41.09560267099994,0.0],[173.02871932800008,-41.095449816999974,0.0],[173.02891756600002,-41.09409900899993,0.0],[173.0299106870001,-41.092297772999984,0.0],[173.02931526600003,-41.09155049699996,0.0],[173.02752998100004,-41.09169953999998,0.0],[173.0275276530001,-41.092001160999985,0.0],[173.02832168800012,-41.09229817499994,0.0],[173.02812318600002,-41.09305006599993,0.0],[173.02475113800006,-41.09305083999993,0.0],[173.02594166400002,-41.09364940399996,0.0],[173.0263385190001,-41.094851468999934,0.0],[173.02574336600003,-41.09500020799993,0.0],[173.02435291000006,-41.094401593999976,0.0],[173.02356133000012,-41.09440175799995,0.0],[173.02356154400002,-41.09500058399993,0.0],[173.0263391410001,-41.096652449999965,0.0],[173.02594074500007,-41.09755298599998,0.0],[173.02713368500008,-41.09830464299995,0.0],[173.02812593400006,-41.099952368999936,0.0],[173.02911639400008,-41.10010522899995,0.0],[173.02931614900012,-41.09950184999997,0.0],[173.02991133400008,-41.09935309399998,0.0],[173.03050690500004,-41.10025347199996,0.0],[173.03070410700002,-41.10220750599996,0.0],[173.03189485300004,-41.10280600699997,0.0],[173.0322946430001,-41.105057096999985,0.0],[173.03368337400002,-41.10880725599998,0.0],[173.03626355400002,-41.11391237599997,0.0],[173.03652140337968,-41.114550111775486,0.0],[173.0367793154867,-41.11808075094942,0.0],[173.03527207700006,-41.11466452399998,0.0],[173.03308914600007,-41.11121173299995,0.0],[173.03130160900002,-41.10730856999993,0.0],[173.0305062000001,-41.10700716399998,0.0],[173.02991122100002,-41.10775916099993,0.0],[173.02911951300007,-41.11361251399995,0.0],[173.02852471800009,-41.114963416999956,0.0],[173.028127583,-41.11946590499997,0.0],[173.02693418700005,-41.12216760499996,0.0],[173.02395847200012,-41.12622033599996,0.0],[173.02336147100004,-41.12862025299995,0.0],[173.0237584780001,-41.133874478999985,0.0],[173.02455458700013,-41.13552676799998,0.0],[173.0247517040001,-41.13717909199994,0.0],[173.0229653880001,-41.13822850299994,0.0],[173.02177433000008,-41.13837724599995,0.0],[173.02097849400002,-41.137778572999935,0.0],[173.02058238600011,-41.13507714699995,0.0],[173.02157664600009,-41.134176525999976,0.0],[173.02098069900012,-41.13267278099994,0.0],[173.01978952100012,-41.13177246199996,0.0],[173.01958887500007,-41.12967441199993,0.0],[173.0183978110001,-41.12892267999996,0.0],[173.01839747500003,-41.127720531999955,0.0],[173.01899617200002,-41.126518285999964,0.0],[173.01959100900012,-41.12396987999995,0.0],[173.01839950400006,-41.12126857199996,0.0],[173.0176040650001,-41.121268605999944,0.0],[173.0174056720001,-41.12321821199998,0.0],[173.01780474400005,-41.123816973999965,0.0],[173.01800159800007,-41.12561791599995,0.0],[173.01422970200008,-41.12997222299998,0.0],[173.01343575900012,-41.13252512599996,0.0],[173.01224492300003,-41.13342569699995,0.0],[173.01204511200012,-41.13567690799994,0.0],[173.0098599490001,-41.13942756299997,0.0],[173.00866894000012,-41.14032809699995,0.0],[173.0064831730001,-41.14047675299997,0.0],[173.00588760400012,-41.14108010899997,0.0],[173.0048931020001,-41.14302963399996,0.0],[173.003701975,-41.144231823999974,0.0],[173.00271083100006,-41.14452896499995,0.0],[173.00151963000008,-41.145429424999975,0.0],[173.0009204280001,-41.14557794299998,0.0],[173.00092043000006,-41.14574725899996,0.0],[173.00092043200004,-41.14587964899994,0.0],[173.0025107240001,-41.14587962599995,0.0],[173.004694179,-41.14513222499994,0.0],[173.00747571600004,-41.14452884499997,0.0],[173.0074756680001,-41.14497915399994,0.0],[173.00429757400002,-41.146329882999964,0.0],[173.0040986260001,-41.146933212999954,0.0],[173.00449770000012,-41.147230401999934,0.0],[173.01104943600012,-41.14603249899994,0.0],[173.01263993400005,-41.147081464999985,0.0],[173.01482274900002,-41.14993580099997,0.0],[173.01521967700012,-41.151286494999965,0.0],[173.01681029100007,-41.15203369599993,0.0],[173.01756257400007,-41.15443824099998,0.0],[173.0185950560001,-41.157738104999964,0.0],[173.017800705,-41.15939058999993,0.0],[173.0185955940001,-41.15998928399995,0.0],[173.01859570800002,-41.16074120799993,0.0],[173.0189926600001,-41.16133996199994,0.0],[173.02097854900012,-41.159840362999944,0.0],[173.02316519600004,-41.16074046899996,0.0],[173.02654140300012,-41.162693985999965,0.0],[173.0273366250001,-41.16404454199994,0.0],[173.02753430100006,-41.16689448999995,0.0],[173.02793133700004,-41.167646316999935,0.0],[173.02952222200008,-41.16779452199995,0.0],[173.03150818400002,-41.166745050999964,0.0],[173.03210426400005,-41.16719519299994,0.0],[173.03437540698422,-41.170628693256546,0.0],[173.0231554,-41.1766674,0.0],[172.9962227,-41.1872361,0.0],[172.9655019,-41.1803547,0.0],[172.9192372,-41.2907482,0.0],[172.8877535,-41.3133612,0.0],[172.8158225,-41.29615,0.0],[172.783883,-41.2642823,0.0],[172.8060953,-41.2158321,0.0],[172.8262873,-41.1769937,0.0],[172.8734376,-41.1461949,0.0],[172.9493856,-41.1329425,0.0],[172.9610461,-41.0958793,0.0],[172.9768326,-41.0628388,0.0],[173.0015532,-41.0499273,0.0],[173.01979132518036,-41.04970165653376,0.0],[173.01979143100004,-41.05012537199997,0.0]]],[[[173.03666537900006,-41.12666766399997,0.0],[173.03686398700006,-41.12381749499997,0.0],[173.03717754895666,-41.1235322929716,0.0],[173.03741718517188,-41.126812747769605,0.0],[173.03666537900006,-41.12666766399997,0.0]]],[[[173.0364643260001,-41.12246696099993,0.0],[173.03626753900005,-41.12186819999994,0.0],[173.03697027992828,-41.12069492267672,0.0],[173.03709971182099,-41.12246675617452,0.0],[173.0364643260001,-41.12246696099993,0.0]]],[[[173.04382249200012,-41.165093619999936,0.0],[173.04203428900007,-41.163590348999946,0.0],[173.0402467140001,-41.16314068099996,0.0],[173.0388580450001,-41.162240631999964,0.0],[173.03746655700002,-41.160291531999974,0.0],[173.03726584100002,-41.15939107099996,0.0],[173.0380617500001,-41.15923779599996,0.0],[173.04243179900004,-41.16088880799998,0.0],[173.0468038790001,-41.16329157699994,0.0],[173.0471080136073,-41.16377589204308,0.0],[173.04401110331239,-41.165442676485185,0.0],[173.04382249200012,-41.165093619999936,0.0]]],[[[173.03528114000005,-41.15743762999995,0.0],[173.03468498600012,-41.156537284999956,0.0],[173.03528027200002,-41.15563666899993,0.0],[173.03528003000008,-41.15518636099995,0.0],[173.03349257600007,-41.154434968999965,0.0],[173.03363764900007,-41.15389230599993,0.0],[173.03369238200003,-41.153687488999935,0.0],[173.03344345400012,-41.153499513999975,0.0],[173.03329313500012,-41.15338598999995,0.0],[173.03150625600006,-41.15368801799997,0.0],[173.03145965200008,-41.15364399099997,0.0],[173.03145778400005,-41.153642280999975,0.0],[173.03071007500012,-41.15293630799994,0.0],[173.0303135150001,-41.150536630999966,0.0],[173.02993235700012,-41.150175041999944,0.0],[173.02952102200004,-41.14978491099998,0.0],[173.02793025200003,-41.148884780999936,0.0],[173.0275329530001,-41.14723251299995,0.0],[173.02594579000004,-41.146030647999964,0.0],[173.02557190400012,-41.14529024299998,0.0],[173.02439080700003,-41.14295105399998,0.0],[173.02435452300006,-41.14287928199997,0.0],[173.02434852800002,-41.14287396999998,0.0],[173.021971537,-41.14077699799998,0.0],[173.021973644,-41.139727956999934,0.0],[173.0227657690001,-41.13972780299997,0.0],[173.02633987500008,-41.14197840799994,0.0],[173.02614294400007,-41.14092932199998,0.0],[173.0249514310001,-41.139727439999945,0.0],[173.02534779400003,-41.13897992999995,0.0],[173.02614220700002,-41.13882673799998,0.0],[173.02733382400004,-41.14002860699998,0.0],[173.02872622200005,-41.14303147099997,0.0],[173.0315057470001,-41.14708298399995,0.0],[173.0352779750001,-41.15098561599996,0.0],[173.03925275000006,-41.15413621799996,0.0],[173.0398490340001,-41.15518505099993,0.0],[173.0398499360001,-41.15683741099997,0.0],[173.03925207500004,-41.157287923999945,0.0],[173.03825937900012,-41.156837949999954,0.0],[173.03806205000012,-41.155338669999935,0.0],[173.03686842900004,-41.15578927599995,0.0],[173.03607347700006,-41.15743738499998,0.0],[173.03528114000005,-41.15743762999995,0.0]]],[[[173.01263907600003,-41.141079746999935,0.0],[173.01224195600003,-41.13807667699996,0.0],[173.01323643800004,-41.13747783499997,0.0],[173.01363310700003,-41.137626300999955,0.0],[173.0144277290001,-41.13882843999994,0.0],[173.01542009500008,-41.139728839999975,0.0],[173.015420166,-41.140030456999966,0.0],[173.01442573400004,-41.14093102499993,0.0],[173.01303815400001,-41.14138140899996,0.0],[173.01263907600003,-41.141079746999935,0.0]]],[[[173.0160152630001,-41.137477571999966,0.0],[173.0170096610001,-41.13672550299998,0.0],[173.01760527200008,-41.137175722999984,0.0],[173.01800087700008,-41.13807610099997,0.0],[173.016414348,-41.138229352999986,0.0],[173.0160152630001,-41.137477571999966,0.0]]],[[[173.01979116100006,-41.08359656899995,0.0],[173.01959214300007,-41.08284466899994,0.0],[173.02073056100005,-41.08244949799996,0.0],[173.02435441400007,-41.081191468999975,0.0],[173.02594134200012,-41.08284350499997,0.0],[173.02574154700005,-41.08329386299994,0.0],[173.02316267300012,-41.08344292399994,0.0],[173.02137740000012,-41.08299295499995,0.0],[173.01979116100006,-41.08359656899995,0.0]]],[[[173.01205354500007,-41.07113474199997,0.0],[173.01160664300005,-41.07160572699996,0.0],[173.0106650130001,-41.07188672399997,0.0],[173.0108041200001,-41.07083630599993,0.0],[173.0108635260001,-41.07038742799995,0.0],[173.01086254500012,-41.07038652699998,0.0],[173.01006986200002,-41.06963556399995,0.0],[173.00956697300012,-41.068482349999954,0.0],[173.01042156300002,-41.067964683999946,0.0],[173.0117159120001,-41.06787224499993,0.0],[173.01324650000004,-41.06828456799997,0.0],[173.01324302000012,-41.06903650399994,0.0],[173.01205354500007,-41.07113474199997,0.0]]]]}},{"type":"Feature","properties":{},"geometry":{"type":"MultiPolygon","coordinates":[[[[173.07708885800002,-41.27554754499994,0.0],[173.07712830900005,-41.27560605699995,0.0],[173.0776866750001,-41.276447649999966,0.0],[173.07788359300002,-41.27644751699995,0.0],[173.0792777690001,-41.27644665599996,0.0],[173.08238759137515,-41.275142733208476,0.0],[173.08396652440933,-41.27523487781202,0.0],[173.08504902800007,-41.27659590799993,0.0],[173.08664063100002,-41.27794543699997,0.0],[173.0872372980001,-41.27779197499996,0.0],[173.087238543,-41.27599104999996,0.0],[173.0876343320001,-41.27554054099994,0.0],[173.08918449892872,-41.27553939243233,0.0],[173.0933163674857,-41.27578052323511,0.0],[173.0947998570001,-41.27838966599995,0.0],[173.09579592400007,-41.27793863299996,0.0],[173.0975859880001,-41.27763560999995,0.0],[173.09800293681153,-41.27605402569732,0.0],[173.10157039932042,-41.276262218452445,0.0],[173.10255992700002,-41.27688415199998,0.0],[173.10455112900001,-41.277782866999985,0.0],[173.10455223000008,-41.27853477399998,0.0],[173.10077561000003,-41.28108628999996,0.0],[173.09957986900008,-41.28214084799998,0.0],[173.09659596200004,-41.28244040599998,0.0],[173.09162461900007,-41.28469532999998,0.0],[173.08844047900004,-41.28529644599996,0.0],[173.08844078700008,-41.28559814499994,0.0],[173.08983274900004,-41.28649757299996,0.0],[173.09301778700012,-41.286495223999964,0.0],[173.09520930500003,-41.28709232799997,0.0],[173.09660375500005,-41.28799176199993,0.0],[173.0958117990001,-41.29114846899995,0.0],[173.0974018390001,-41.29099412299996,0.0],[173.09819875800008,-41.290543328999945,0.0],[173.09918939800002,-41.28874155999995,0.0],[173.10078232800004,-41.28814146099995,0.0],[173.10177707100001,-41.28828918399995,0.0],[173.10436658300011,-41.28993936699993,0.0],[173.10775096200007,-41.289787831999945,0.0],[173.1085468020001,-41.288738070999955,0.0],[173.1095398860001,-41.28858402999998,0.0],[173.11013751100006,-41.28903375699997,0.0],[173.11073423000005,-41.28888458499995,0.0],[173.11093136700003,-41.286781865999956,0.0],[173.11172695900007,-41.28633088899994,0.0],[173.11351838100006,-41.28677943399998,0.0],[173.11391488000004,-41.28618023699994,0.0],[173.11549283436446,-41.28522462280103,0.0],[173.1984068,-41.3521552,0.0],[173.1457271,-41.4057771,0.0],[173.0132151,-41.4405653,0.0],[172.9162051,-41.4407132,0.0],[172.8511291,-41.4205118,0.0],[172.8326472,-41.4177068,0.0],[172.8142289,-41.405401,0.0],[172.7937105,-41.3740926,0.0],[172.8301036,-41.3581638,0.0],[172.9790889,-41.3893405,0.0],[173.0851903,-41.3625869,0.0],[173.0474943,-41.3001782,0.0],[173.0606268,-41.2738728,0.0],[173.0770880697505,-41.274833459598696,0.0],[173.07708885800002,-41.27554754499994,0.0]]]]}},{"type":"Feature","properties":{},"geometry":{"type":"Polygon","coordinates":[[[175.35673,-37.829542],[175.224894,-37.824118],[175.153483,-37.798893],[175.145586,-37.66204],[175.303172,-37.67081],[175.383166,-37.776854],[175.35673,-37.829542]]]}},{"type":"Feature","properties":{},"geometry":{"type":"Polygon","coordinates":[[[175.022677,-37.83849],[174.90130590037185,-37.80935788988748],[174.871272,-37.802149],[174.88123970880963,-37.795181811347334],[174.94842152986874,-37.74822333470164],[174.969118,-37.733757],[175.145586,-37.66204],[175.206011,-37.708229],[175.153483,-37.798893],[175.022677,-37.83849]]]}},{"type":"Feature","properties":{},"geometry":{"type":"Polygon","coordinates":[[[174.871272,-37.802149],[174.86207144679182,-37.801487252271194],[174.84124434300008,-37.79895213299994],[174.8395108840001,-37.797926737999944],[174.83487369500006,-37.79439958299997],[174.70215520800002,-37.43403045699995],[174.7008233470001,-37.41918075299998],[174.70075822900003,-37.41677992299998],[174.70304499000008,-37.40337371099997],[174.70875625471848,-37.39284665658629],[175.065592,-37.321534],[175.131167,-37.430938],[175.145586,-37.66204],[174.871272,-37.802149]]]}},{"type":"Feature","properties":{},"geometry":{"type":"Polygon","coordinates":[[[175.303172,-37.67081],[175.145586,-37.66204],[175.065592,-37.321534],[175.244807,-37.367735],[175.427111,-37.510848],[175.303172,-37.67081]]]}},{"type":"Feature","properties":{},"geometry":{"type":"Polygon","coordinates":[[[175.180949,-38.088324],[174.90414481396735,-38.05554138976526],[174.85626294348137,-38.04987062040317],[174.83944891932668,-38.04787929358026],[174.7838392243895,-38.04129329869149],[174.75591044100008,-37.88525881999993],[174.75630408100005,-37.86331174199995],[174.75789328100007,-37.85877993399998],[174.76616054900012,-37.840914502999965],[174.7761371140001,-37.83083450699996],[174.79054740200002,-37.823839831999976],[174.84231045500007,-37.803440561999935],[174.84419915500007,-37.80325998999996],[174.86184427637482,-37.80169162899374],[175.153483,-37.798893],[175.35673,-37.829542],[175.305918,-37.917348],[175.180949,-38.088324]]]}},{"type":"Feature","properties":{},"geometry":{"type":"MultiPolygon","coordinates":[[[[175.4440198,-37.8613297,0.0],[175.428999,-37.9382,0.0],[175.547789,-37.902721,0.0],[175.4440198,-37.8613297,0.0]]]]}},{"type":"Feature","properties":{},"geometry":{"type":"MultiPolygon","coordinates":[[[[175.4433603,-37.8611173,0.0],[175.456921,-37.866606,0.0],[175.453831,-37.812787,0.0],[175.399243,-37.80058,0.0],[175.383107,-37.848852,0.0],[175.4433603,-37.8611173,0.0]]]]}},{"type":"Feature","properties":{},"geometry":{"type":"Polygon","coordinates":[[[175.93126079643642,-37.49706913092132],[175.659149,-37.380898],[175.52182,-37.272788],[175.427063,-36.888235],[175.43450617130333,-36.843800987717614],[175.469635,-36.63409],[175.5751433287846,-36.65285426455393],[175.7925383380001,-36.69250313999993],[175.7929213320001,-36.692795443999955],[175.81773352305012,-36.71399884308756],[175.81895370872206,-36.71517802163006],[175.82047000800003,-36.71806963599994],[175.8221051380001,-36.72148541799993],[175.8275564930001,-36.74057639799997],[175.88765235900007,-37.03830411299998],[175.94413755300002,-37.34588273899993],[175.94415008700003,-37.34618440599996],[175.94332700600012,-37.38843276399996],[175.93252838870555,-37.49649858871584],[175.93126079643642,-37.49706913092132]]]}},{"type":"Feature","properties":{},"geometry":{"type":"Polygon","coordinates":[[[175.497149,-37.514453],[175.370758,-37.29027],[175.52182,-37.272788],[175.659149,-37.380898],[175.609072,-37.488306],[175.497149,-37.514453]]]}},{"type":"Feature","properties":{},"geometry":{"type":"Polygon","coordinates":[[[175.593231,-37.622155],[175.497149,-37.514453],[175.659149,-37.380898],[175.7316383,-37.411879],[175.710648,-37.544342],[175.593231,-37.622155]]]}},{"type":"Feature","properties":{},"geometry":{"type":"Polygon","coordinates":[[[175.370758,-37.29027],[175.189484,-37.20719],[175.189484,-36.978248],[175.28516019414783,-36.992440682082055],[175.572678,-37.193079],[175.52182,-37.272788],[175.370758,-37.29027]]]}},{"type":"Feature","properties":{},"geometry":{"type":"MultiPolygon","coordinates":[[[[175.168589,-38.337308,0.0],[175.239314,-38.533314,0.0],[175.381449,-38.529554,0.0],[175.325831,-38.33915,0.0],[175.168589,-38.337308,0.0]]]]}},{"type":"Feature","properties":{},"geometry":{"type":"MultiPolygon","coordinates":[[[[175.168589,-38.337308,0.0],[174.8585681,-38.5639233,0.0],[174.957789,-38.581639,0.0],[175.253733,-38.578418,0.0],[175.2131498,-38.4578707,0.0],[175.168589,-38.337308,0.0]]]]}},{"type":"Feature","properties":{},"geometry":{"type":"MultiPolygon","coordinates":[[[[174.70016640200004,-38.326397155999985,0.0],[174.70605595000006,-38.32540037499996,0.0],[174.70848271600005,-38.323263001999976,0.0],[174.70929843400006,-38.32298983399994,0.0],[174.7094300340001,-38.32294638099995,0.0],[174.70869970700005,-38.32017905299995,0.0],[174.7081664110001,-38.318158154999935,0.0],[174.7083197610001,-38.31665076999997,0.0],[174.71131768400005,-38.314499970999975,0.0],[174.71167446000004,-38.31344459999997,0.0],[174.71177268400004,-38.311947877999955,0.0],[174.71181269900012,-38.31133810799997,0.0],[174.71192915000006,-38.31107021699995,0.0],[174.71196846600003,-38.310979773999975,0.0],[174.71253508200004,-38.30967320999997,0.0],[174.71421999500012,-38.308448416999966,0.0],[174.71517078700003,-38.30828044899994,0.0],[174.71505715000012,-38.307419074999984,0.0],[174.71493349100012,-38.306481719999965,0.0],[174.71435058200007,-38.30604021099998,0.0],[174.71374137800012,-38.30454927699998,0.0],[174.71318276800002,-38.295085841999935,0.0],[174.71308556400004,-38.293438772999934,0.0],[174.71269136900003,-38.292994316999966,0.0],[174.7126538430001,-38.29149439399998,0.0],[174.71377668900004,-38.290308986999946,0.0],[174.71395717500002,-38.290117866999935,0.0],[174.71457730600002,-38.28873270199995,0.0],[174.71503992200007,-38.28769933899997,0.0],[174.71494575500003,-38.28394277899997,0.0],[174.7154060590001,-38.281007529999954,0.0],[174.7154415880001,-38.28078096699994,0.0],[174.71510618000002,-38.274928401999944,0.0],[174.71563981200006,-38.27341507899996,0.0],[174.71503382100002,-38.271986897999966,0.0],[174.71503313200003,-38.27198527499996,0.0],[174.7143828940001,-38.27045274799997,0.0],[174.71411914800012,-38.269831110999974,0.0],[174.71361330600007,-38.26863883499993,0.0],[174.71357955200006,-38.26816752899998,0.0],[174.71339252300004,-38.265555992999964,0.0],[174.71335404142982,-38.26501862274134,0.0],[175.138377,-38.258858,0.0],[175.168589,-38.337308,0.0],[174.862345,-38.561239,0.0],[174.6980600097389,-38.327436634805935,0.0],[174.70016640200004,-38.326397155999985,0.0]]]]}},{"type":"Feature","properties":{},"geometry":{"type":"MultiPolygon","coordinates":[[[[175.168589,-38.337308,0.0],[175.325831,-38.33915,0.0],[175.321024,-38.286351,0.0],[175.1445568,-38.2744929,0.0],[175.168589,-38.337308,0.0]]]]}},{"type":"Feature","properties":{},"geometry":{"type":"Polygon","coordinates":[[[174.9129613,-41.4026479],[174.79343769564915,-41.33139288374519],[174.7331239,-41.2954363],[174.79917917907164,-41.25687993295709],[175.173179,-41.0385768],[175.2617309,-41.0841117],[174.9129613,-41.4026479]]]}},{"type":"Feature","properties":{},"geometry":{"type":"Polygon","coordinates":[[[175.1962957065625,-41.41977186789567],[175.00116600090055,-41.39031004715351],[174.9392255,-41.378823],[175.2925799,-41.1498464],[175.3681117,-41.1312507],[175.493875,-41.218498],[175.4432063,-41.3764507],[175.1962957065625,-41.41977186789567]]]}},{"type":"Feature","properties":{},"geometry":{"type":"Polygon","coordinates":[[[175.2925799,-41.1498464],[175.2281767,-41.1154021],[175.2604957,-41.085127],[175.4282225,-41.0601669],[175.4932288,-41.0575491],[175.5094012,-41.0713116],[175.5042575,-41.0887697],[175.3681117,-41.1312507],[175.2925799,-41.1498464]]]}},{"type":"Feature","properties":{},"geometry":{"type":"Polygon","coordinates":[[[175.43041374200004,-41.57273290099994],[175.3841742,-41.5691885],[175.3781473,-41.5676334],[175.3659187,-41.5563015],[175.3488991,-41.5290613],[175.34569,-41.5146689],[175.3400462,-41.3030557],[175.3681112,-41.1315082],[175.5042575,-41.0890272],[175.5881493,-41.1879758],[175.5948218654016,-41.47902024157574],[175.4312107190001,-41.57271622199994],[175.43041374200004,-41.57273290099994]]]}},{"type":"Feature","properties":{},"geometry":{"type":"MultiPolygon","coordinates":[[[[175.4447321,-40.8599547,0.0],[175.4203637,-40.879508,0.0],[175.4212228,-40.9533757,0.0],[175.4297494,-41.0225965,0.0],[175.6733758,-41.1164849,0.0],[175.8181547,-41.0678312,0.0],[175.9132266,-41.046168,0.0],[175.9127312,-40.9566418,0.0],[175.8575739,-40.8952199,0.0],[175.4447321,-40.8599547,0.0]]]]}},{"type":"Feature","properties":{},"geometry":{"type":"MultiPolygon","coordinates":[[[[175.5711264,-40.7331193,0.0],[175.5710749,-40.8703403,0.0],[175.8575739,-40.8952199,0.0],[175.8849656,-40.9257508,0.0],[176.0876151,-40.7567993,0.0],[176.1156198,-40.7563573,0.0],[176.1166606,-40.6822054,0.0],[176.1067147,-40.6658429,0.0],[176.0789769,-40.6610028,0.0],[175.7051719,-40.6604858,0.0],[175.6313192,-40.6864092,0.0],[175.5711264,-40.7331193,0.0]]]]}},{"type":"Feature","properties":{},"geometry":{"type":"MultiPolygon","coordinates":[[[[176.28986826300002,-40.75794138799995,0.0],[176.28964770900006,-40.76070484699994,0.0],[176.28763088100004,-40.763915690999966,0.0],[176.2832621450001,-40.769257805999985,0.0],[176.2818450300001,-40.77099047699994,0.0],[176.2792103370001,-40.77377258799993,0.0],[176.2784869620001,-40.77514456999995,0.0],[176.27637374300002,-40.77640270899997,0.0],[176.27545887500003,-40.77793319099993,0.0],[176.27285514000005,-40.779938991999984,0.0],[176.2722171160001,-40.78043046999994,0.0],[176.27082839500008,-40.78031653499994,0.0],[176.2702145840001,-40.779883360999975,0.0],[176.26905283100007,-40.780366630999936,0.0],[176.26793149700006,-40.78174974299998,0.0],[176.26816095700008,-40.78241936399996,0.0],[176.26839172500001,-40.78309278399996,0.0],[176.26825131300006,-40.78429509299997,0.0],[176.26788778700006,-40.784909066999944,0.0],[176.26830996800004,-40.785496260999935,0.0],[176.26829009400012,-40.78615802999997,0.0],[176.2682331860001,-40.78805285499993,0.0],[176.26806732500006,-40.78866113399994,0.0],[176.26519691800002,-40.79069277899998,0.0],[176.2648735450001,-40.79220651299994,0.0],[176.26594242700003,-40.79382523899994,0.0],[176.26596946200004,-40.79442813899993,0.0],[176.26446945100008,-40.79612377899997,0.0],[176.26228064600002,-40.79993804199995,0.0],[176.26140671600012,-40.802368341999966,0.0],[176.25936532000003,-40.805128717999935,0.0],[176.25845697600005,-40.80680763799995,0.0],[176.25805634400012,-40.81087785999995,0.0],[176.2589119150001,-40.81220525499998,0.0],[176.25876520400004,-40.813259064999954,0.0],[176.25725016400008,-40.814657617999956,0.0],[176.25694824000004,-40.816616806999946,0.0],[176.25701780600002,-40.818119501999945,0.0],[176.25767567800006,-40.819452490999936,0.0],[176.25829696900007,-40.82003418199997,0.0],[176.25816490300008,-40.821389316999955,0.0],[176.25762397500012,-40.822458680999944,0.0],[176.2575029510001,-40.824115425999935,0.0],[176.25583948700012,-40.82656331399994,0.0],[176.2541461090001,-40.83247174799993,0.0],[176.2530247210001,-40.83385471899993,0.0],[176.25055627900008,-40.83602774199994,0.0],[176.2498157990001,-40.837098193999964,0.0],[176.24933786000008,-40.839517144999945,0.0],[176.24786550500005,-40.84181086499996,0.0],[176.24715183600006,-40.843484209999986,0.0],[176.2458335340001,-40.84487257099994,0.0],[176.24492435900004,-40.84655131799997,0.0],[176.24492370400003,-40.84656394299998,0.0],[176.24458813000012,-40.851971069999934,0.0],[176.24312260800002,-40.85441320399997,0.0],[176.24279851200004,-40.85592689199996,0.0],[176.2407889320001,-40.85943828599994,0.0],[176.23910955600002,-40.86158905299993,0.0],[176.23718474700001,-40.86269244199997,0.0],[176.23588046200007,-40.86438212899998,0.0],[176.23319775800007,-40.866258880999965,0.0],[176.22952789900012,-40.86816765599997,0.0],[176.22764500400012,-40.870170616999985,0.0],[176.22677604700004,-40.87274908999996,0.0],[176.2254640960001,-40.87429020999997,0.0],[176.22267396000007,-40.87963503499998,0.0],[176.2223262010001,-40.880301144999976,0.0],[176.22092758300005,-40.882979974999955,0.0],[176.21981407500004,-40.887940096999955,0.0],[176.2195364580001,-40.88917664099995,0.0],[176.21953334700004,-40.88919049399993,0.0],[176.2191293510001,-40.89098987299997,0.0],[176.21916368400002,-40.89172773499996,0.0],[176.21936937200007,-40.896091611999964,0.0],[176.2204512200001,-40.89801661699994,0.0],[176.22054413600006,-40.89812216299998,0.0],[176.22212466100007,-40.899920743999985,0.0],[176.22416794000003,-40.901219838999964,0.0],[176.22776888600004,-40.902020628999935,0.0],[176.2276057260001,-40.902772933999984,0.0],[176.22494563500004,-40.90510386599993,0.0],[176.22083605600005,-40.90611901199998,0.0],[176.21931076500005,-40.907364196999936,0.0],[176.21937227800004,-40.90871387399994,0.0],[176.2199837080001,-40.90906556699997,0.0],[176.22161363300006,-40.910003063999966,0.0],[176.22164251000004,-40.910601414999974,0.0],[176.21896501700007,-40.91263077699995,0.0],[176.21701561600003,-40.91328402999994,0.0],[176.21581523400005,-40.91302003599998,0.0],[176.21520035800006,-40.91258210999996,0.0],[176.21476323100012,-40.91169322899998,0.0],[176.21403402500005,-40.91118035699998,0.0],[176.21332753100012,-40.91068344699994,0.0],[176.20922459200006,-40.91184666199996,0.0],[176.20767019400012,-40.91249334499997,0.0],[176.20724869600008,-40.91286820399995,0.0],[176.2013964030001,-40.91807237199998,0.0],[176.19889078800009,-40.91949292399994,0.0],[176.19564658000002,-40.92213655699993,0.0],[176.19161084600012,-40.924801850999984,0.0],[176.18766698100012,-40.92648702399998,0.0],[176.18559252800003,-40.92737291399993,0.0],[176.185569277,-40.92738957399996,0.0],[176.18349073500008,-40.92887883499998,0.0],[176.18080037700008,-40.930806305999965,0.0],[176.176918891,-40.93256592999995,0.0],[176.17662149600005,-40.93467776899996,0.0],[176.17471520700008,-40.93623452899993,0.0],[176.1699269710001,-40.938912967999954,0.0],[176.16887930300004,-40.93918392499995,0.0],[176.16121944600002,-40.94426116599993,0.0],[176.15624237100008,-40.948004958999945,0.0],[176.15625642600003,-40.94830190399995,0.0],[176.1561661720001,-40.948386279999966,0.0],[176.1495679200001,-40.95460224399994,0.0],[176.14771265000002,-40.956349571999965,0.0],[176.14395373800005,-40.96080755199995,0.0],[176.14076830800002,-40.96561733899995,0.0],[176.1374714850001,-40.97059584799996,0.0],[176.13382412700003,-40.97745584499995,0.0],[176.13279317700005,-40.98093866299996,0.0],[176.1327417990001,-40.984093266999935,0.0],[176.13240052900005,-40.98530519399998,0.0],[176.1328242200001,-40.98589733399996,0.0],[176.1326812540001,-40.98710395699993,0.0],[176.1311945540001,-40.989243252999984,0.0],[176.13029482700006,-40.99122250399995,0.0],[176.12898413000005,-40.99679646599998,0.0],[176.12880136500007,-40.99757363899994,0.0],[176.12807148100012,-40.99894468399998,0.0],[176.12584716800006,-41.00085342199998,0.0],[176.12120453900002,-41.004836900999976,0.0],[176.11869995500012,-41.00640869199998,0.0],[176.11683580200008,-41.00901284499997,0.0],[176.1133996970001,-41.011956537999936,0.0],[176.10935203100007,-41.01447047099998,0.0],[176.1067811590001,-41.014687984999966,0.0],[176.10695272300006,-41.018440133999945,0.0],[176.1058744600001,-41.020874419999984,0.0],[176.1060248340001,-41.02417214199994,0.0],[176.1064579030001,-41.02491278599996,0.0],[176.10637208800006,-41.026226651999934,0.0],[176.10634001000005,-41.02671776999995,0.0],[176.10387380500003,-41.02918911099994,0.0],[176.10334270200008,-41.03055464299996,0.0],[176.10363676700013,-41.03265035199996,0.0],[176.10450399100012,-41.03428029099996,0.0],[176.1048470280001,-41.03742423899996,0.0],[176.10473974298495,-41.03757114803752,0.0],[175.9474829,-41.0384351,0.0],[175.9132266,-41.046168,0.0],[175.9127312,-40.9566418,0.0],[175.8849656,-40.9257508,0.0],[176.0876151,-40.7567993,0.0],[176.29013684484582,-40.75457597577113,0.0],[176.28986826300002,-40.75794138799995,0.0]]],[[[176.2296218322062,-40.90166397828097,0.0],[176.2301473,-40.9027566,0.0],[176.22860503768834,-40.905320516116916,0.0],[176.22663513200007,-40.90730921499994,0.0],[176.22411231500007,-40.908429050999985,0.0],[176.22389493000003,-40.90798463899995,0.0],[176.2250591180001,-40.90750173899994,0.0],[176.2269672220001,-40.90594860799996,0.0],[176.22695265200002,-40.90564718599995,0.0],[176.22752381800012,-40.90518077999997,0.0],[176.2275167460001,-40.90503546599996,0.0],[176.22750924600007,-40.90487935899995,0.0],[176.22863963800012,-40.903649635999955,0.0],[176.22896900700005,-40.90228450799998,0.0],[176.22952899400002,-40.90175222299996,0.0],[176.2296218322062,-40.90166397828097,0.0]]]]}},{"type":"Feature","properties":{},"geometry":{"type":"MultiPolygon","coordinates":[[[[176.10372640600008,-41.038958744999945,0.0],[176.0992320360001,-41.04043021299998,0.0],[176.09789279500012,-41.04151545899998,0.0],[176.09786791500005,-41.04156844499994,0.0],[176.09716655600005,-41.043039378999936,0.0],[176.0974296720001,-41.048739446999946,0.0],[176.0967033490001,-41.05026327599995,0.0],[176.09656651900002,-41.05161826099993,0.0],[176.09799665600008,-41.05248095699994,0.0],[176.09864693600002,-41.05366627899997,0.0],[176.09879712600002,-41.05696400299996,0.0],[176.09803232000002,-41.05758797699997,0.0],[176.09548791300006,-41.05840811099995,0.0],[176.0941761360001,-41.06009173499996,0.0],[176.0916210800001,-41.060610329999975,0.0],[176.09124392900003,-41.06107527399996,0.0],[176.09114885600002,-41.063330029999975,0.0],[176.08943291600008,-41.06487569799998,0.0],[176.08873410500007,-41.071353547999934,0.0],[176.08772283600013,-41.070930000999965,0.0],[176.08655484200006,-41.07141154699997,0.0],[176.08618454700002,-41.07202495499996,0.0],[176.08622627300008,-41.07292473599995,0.0],[176.08787386200004,-41.07423221799996,0.0],[176.08813988300005,-41.07572955099994,0.0],[176.08719126100004,-41.076655622999965,0.0],[176.08682759500005,-41.077413106999984,0.0],[176.08510456400006,-41.07881473899994,0.0],[176.08380614100008,-41.080799627999966,0.0],[176.08266348900008,-41.08188393599994,0.0],[176.08110382400002,-41.08252448899998,0.0],[176.08074955600011,-41.08343477799997,0.0],[176.07954471200003,-41.083663694999984,0.0],[176.07799369600002,-41.083958361999976,0.0],[176.0764617750001,-41.08520158999994,0.0],[176.07606883100004,-41.08620384499994,0.0],[176.07539165700007,-41.08793260899995,0.0],[176.07279284100002,-41.09190662299994,0.0],[176.07115798200005,-41.09525606699998,0.0],[176.06967413300003,-41.09754748599994,0.0],[176.0689951380001,-41.10011944099995,0.0],[176.06868790500005,-41.10024919199998,0.0],[176.06860729900006,-41.10028285599998,0.0],[176.06873891100008,-41.10318139999998,0.0],[176.06880479500012,-41.10463323499994,0.0],[176.06895929200005,-41.104898523999964,0.0],[176.06966510000007,-41.10611043999995,0.0],[176.07039623200012,-41.10909536999998,0.0],[176.07027276500003,-41.11075170299995,0.0],[176.0699158650001,-41.111662028999945,0.0],[176.06895722100012,-41.11243964499994,0.0],[176.067596685,-41.11307912199993,0.0],[176.0661607730001,-41.11641868799995,0.0],[176.06528159300012,-41.118995859999984,0.0],[176.06655449200002,-41.12076392499995,0.0],[176.0665579580001,-41.12084059399996,0.0],[176.06666308700005,-41.12316630199996,0.0],[176.0652271470001,-41.12651035699997,0.0],[176.06345241000008,-41.12685448499997,0.0],[176.06377360400006,-41.12955312299994,0.0],[176.0615157740001,-41.13231516899998,0.0],[176.05991316500013,-41.13205568799998,0.0],[176.05794215100002,-41.13240945199993,0.0],[176.05501997600004,-41.133689060999984,0.0],[176.05137160700008,-41.13648754199994,0.0],[176.0468119950001,-41.141116059999945,0.0],[176.04240910800002,-41.14483485899996,0.0],[176.0367718020001,-41.14768508399993,0.0],[176.03250968500004,-41.15106059499993,0.0],[176.02813754500005,-41.154522767999936,0.0],[176.0250273370001,-41.156103805999976,0.0],[176.02267711900004,-41.15691725199997,0.0],[176.02035521400012,-41.15832888399996,0.0],[176.01848048800002,-41.16003525299993,0.0],[176.01679646700006,-41.161568529999954,0.0],[176.01577136200012,-41.16250182799996,0.0],[176.01018731600004,-41.16584468399998,0.0],[176.00860307300002,-41.16679297199994,0.0],[176.00763857200002,-41.16737015799998,0.0],[176.0074648950001,-41.16753506599997,0.0],[176.00439657900006,-41.17045837499995,0.0],[176.00423043000012,-41.17069132599994,0.0],[176.00308733100007,-41.172293983999964,0.0],[175.99891859000002,-41.176910335999935,0.0],[175.99611184700007,-41.18088787499994,0.0],[175.99538401000007,-41.18240651799994,0.0],[175.99499196500005,-41.182569797999975,0.0],[175.9949831120001,-41.18259880499994,0.0],[175.9942992220001,-41.184839661999945,0.0],[175.99418047200004,-41.18664436599994,0.0],[175.99253064000004,-41.18952478799997,0.0],[175.9925203360001,-41.189542776999986,0.0],[175.9925112400001,-41.18957136199998,0.0],[175.99227611000003,-41.190310274999945,0.0],[175.99112313700005,-41.193934200999934,0.0],[175.9912901680001,-41.19768633799998,0.0],[175.99225500300008,-41.20156648099993,0.0],[175.98687879900012,-41.20591169599993,0.0],[175.98659509300012,-41.20676519199998,0.0],[175.9865861940001,-41.206791962999944,0.0],[175.98652694400005,-41.20697020699998,0.0],[175.9864148370001,-41.20892780199995,0.0],[175.98554217800006,-41.21221774899993,0.0],[175.98524496400012,-41.21333818699998,0.0],[175.98499263500003,-41.21428938699995,0.0],[175.98468384400007,-41.21545340199998,0.0],[175.98436857700005,-41.21664178699996,0.0],[175.9820603270001,-41.219095305999986,0.0],[175.98205769600008,-41.219098101999975,0.0],[175.98132893100012,-41.219872684999984,0.0],[175.97694185700004,-41.223049773999946,0.0],[175.97573909100004,-41.223921092999944,0.0],[175.97210716200004,-41.22732005399996,0.0],[175.97080950100008,-41.22945664699995,0.0],[175.97048439200012,-41.231117895999944,0.0],[175.96881534700003,-41.23386302999995,0.0],[175.96616317200005,-41.23693495899994,0.0],[175.96400851200008,-41.24224610999994,0.0],[175.96395392300008,-41.245553402999974,0.0],[175.96357157600005,-41.24586490199994,0.0],[175.96296206300008,-41.24557868299996,0.0],[175.96038860800002,-41.24594613399995,0.0],[175.95862056800001,-41.246441568999956,0.0],[175.95624421500008,-41.24660125899993,0.0],[175.9550471880001,-41.246681266999985,0.0],[175.9518877580001,-41.247211970999956,0.0],[175.94830771600004,-41.24730296699994,0.0],[175.94317731000012,-41.248333970999965,0.0],[175.93985088600004,-41.24962075899998,0.0],[175.93412282700012,-41.250666541999976,0.0],[175.92648021900004,-41.25341316799995,0.0],[175.92355674300006,-41.25483798999994,0.0],[175.92104437900002,-41.255194005999954,0.0],[175.91841452300002,-41.25556636399995,0.0],[175.9101773750001,-41.25847556799994,0.0],[175.9055074480001,-41.26099762499996,0.0],[175.8965166710001,-41.26482542699995,0.0],[175.89304073000005,-41.26731709099994,0.0],[175.89114758100004,-41.26961625699994,0.0],[175.89083075200006,-41.26974388899998,0.0],[175.89075454500005,-41.269774618999975,0.0],[175.8907677530001,-41.27007602699996,0.0],[175.88963588000001,-41.27093935999994,0.0],[175.8871050030001,-41.27286953599997,0.0],[175.88262046600005,-41.27508427899994,0.0],[175.87708301100008,-41.28063073299995,0.0],[175.8699585500001,-41.286364832999936,0.0],[175.86845055300012,-41.288352277999934,0.0],[175.8676893180001,-41.29149434399994,0.0],[175.86760092200007,-41.291859185999954,0.0],[175.86709545300005,-41.29394344599996,0.0],[175.8673500320001,-41.299945151999964,0.0],[175.8670873100001,-41.30310884599993,0.0],[175.86570940823228,-41.30636714927055,0.0],[175.7971642,-41.2003248,0.0],[175.797272,-41.1382588,0.0],[175.8181547,-41.0678312,0.0],[175.9474829,-41.0384351,0.0],[176.10473974298495,-41.03757114803752,0.0],[176.10372640600008,-41.038958744999945,0.0]]]]}},{"type":"Feature","properties":{},"geometry":{"type":"MultiPolygon","coordinates":[[[[175.5076836,-41.052377,0.0],[175.3595643,-41.2160151,0.0],[175.3798615,-41.2531933,0.0],[175.398465,-41.3080258,0.0],[175.4564099,-41.317632,0.0],[175.5980491,-41.3171762,0.0],[175.7971642,-41.2003248,0.0],[175.797272,-41.1382588,0.0],[175.8181547,-41.0678312,0.0],[175.6733758,-41.1164849,0.0],[175.5076836,-41.052377,0.0]]]]}},{"type":"Feature","properties":{},"geometry":{"type":"Polygon","coordinates":[[[175.065142,-40.956107],[174.9740640947066,-40.938026830546946],[174.97602143100005,-40.901535216999946],[174.9765067610001,-40.89777067299997],[174.97795026000006,-40.892940334999935],[174.98150248600007,-40.88566866299993],[174.98571204600012,-40.88064205599994],[175.1061883222246,-40.749530430159375],[175.194231,-40.765],[175.065142,-40.956107]]]}},{"type":"Feature","properties":{},"geometry":{"type":"Polygon","coordinates":[[[175.148912,-40.81075],[175.08262563902207,-40.79075489277086],[175.1633188592594,-40.634581630458726],[175.308214,-40.684862],[175.148912,-40.81075]]]}},{"type":"Feature","properties":{},"geometry":{"type":"Polygon","coordinates":[[[174.62168528305264,-41.26319439027855],[174.62173664800002,-41.262804452999944],[174.62258286000008,-41.25998892999996],[174.6439368460001,-41.23840704899993],[174.84842496267655,-41.047192970300024],[174.97406355115154,-40.938028401084026],[175.0643874,-40.9561104],[174.9916019,-41.1373573],[174.84434112276463,-41.22969534342291],[174.8209004886404,-41.24439350224197],[174.80807605200005,-41.25229575299994],[174.80180660000008,-41.25599614299995],[174.80023040100002,-41.25662416899996],[174.79625199626548,-41.257602356514475],[174.62168528305264,-41.26319439027855]]]}},{"type":"Feature","properties":{},"geometry":{"type":"Polygon","coordinates":[[[175.058275,-41.173544],[174.930559,-41.10218],[174.96472,-41.0643983],[175.093981,-41.07941],[175.175005,-41.116666],[175.058275,-41.173544]]]}},{"type":"Feature","properties":{},"geometry":{"type":"Polygon","coordinates":[[[171.2908986,-42.4492189],[171.2110264,-42.4455338],[171.209309,-42.4454213],[171.2029537,-42.4440836],[171.1927410449315,-42.4392335187506],[171.19236673900002,-42.438499322999974],[171.32839161155954,-42.11636376981923],[171.8625726,-42.1193174],[171.8634604,-42.4478085],[171.2908986,-42.4492189]]]}},{"type":"Feature","properties":{},"geometry":{"type":"Polygon","coordinates":[[[170.92556975721905,-42.74802709318017],[170.92898707000006,-42.743560198999944],[170.94269392737252,-42.72719948578056],[171.19246528584355,-42.44186129815027],[171.19268834100012,-42.44165579299994],[171.1929767712826,-42.44144771971541],[171.2169478,-42.4474241],[171.3088032,-42.7475746],[170.92556975721905,-42.74802709318017]]]}},{"type":"Feature","properties":{},"geometry":{"type":"Polygon","coordinates":[[[171.4175089,-42.7488999],[171.3089761,-42.7488391],[171.2549516,-42.7341279],[171.2529452,-42.7330128],[171.1297879,-42.5865663],[171.1403695,-42.5565486],[171.1412308,-42.5548247],[171.1880182,-42.4736704],[171.1938955,-42.4647732],[171.211523,-42.4508949],[171.2123175,-42.4506093],[171.2180229,-42.4489599],[171.3268778,-42.4342586],[171.3284547,-42.4343747],[171.3486233,-42.4391919],[171.5044079,-42.5795397],[171.5642911,-42.6363112],[171.569481,-42.6459819],[171.5136269,-42.7447084],[171.4175089,-42.7488999]]]}},{"type":"Feature","properties":{},"geometry":{"type":"Polygon","coordinates":[[[171.4899291,-42.7148915],[171.4883371,-42.7147916],[171.2170254,-42.4486697],[171.2171195,-42.4476774],[171.2180124,-42.4474257],[171.4390394,-42.3951036],[171.4513919,-42.3932848],[171.4778155,-42.3968347],[171.4825146,-42.3975201],[171.5158378,-42.402495],[171.5202744,-42.4059305],[171.5779582,-42.452915],[171.7110347,-42.5738671],[171.7150573,-42.6030733],[171.7119307,-42.6086238],[171.4993928,-42.7126232],[171.4953834,-42.7144867],[171.4899291,-42.7148915]]]}},{"type":"Feature","properties":{},"geometry":{"type":"Polygon","coordinates":[[[170.311728,-43.293013],[170.30084292923888,-43.1055349563635],[170.4179915210001,-43.03607512199994],[170.944731,-42.726992],[170.957454,-42.732062],[170.628959,-43.15642],[170.311728,-43.293013]]]}},{"type":"Feature","properties":{},"geometry":{"type":"Polygon","coordinates":[[[171.023656,-42.960763],[170.944692,-42.855147],[170.944731,-42.726992],[170.94834608381063,-42.72312083237675],[171.11031283472516,-42.58024818909962],[171.121846,-42.578941],[171.201497,-42.741282],[171.186391,-42.890875],[171.023656,-42.960763]]]}},{"type":"Feature","properties":{},"geometry":{"type":"Polygon","coordinates":[[[172.4528125,-42.1210103],[171.871826,-42.1202846],[171.8624898,-42.1195251],[171.6055587,-41.8197232],[172.4381968,-41.6849873],[172.4533885,-41.6852417],[172.456351,-41.6869072],[172.4528125,-42.1210103]]]}},{"type":"Feature","properties":{},"geometry":{"type":"Polygon","coordinates":[[[171.7826533,-41.8651949],[171.6055587,-41.8197232],[171.5900947,-41.8109375],[171.58959130845662,-41.72760567575921],[172.102523873507,-41.191199573619066],[172.4556967,-41.1913603],[172.456351,-41.6869072],[172.3644518,-41.795338],[172.3604934,-41.7970641],[171.9783609,-41.8585164],[171.943546,-41.8609569],[171.7826533,-41.8651949]]]}},{"type":"Feature","properties":{},"geometry":{"type":"Polygon","coordinates":[[[171.4254611032966,-41.90977031824297],[171.4493123200001,-41.774633810999944],[171.44938009299517,-41.774277153898936],[171.45943934900004,-41.75209726199995],[171.4621141880001,-41.74913097399997],[171.4653043425985,-41.74648161313597],[171.46876744117284,-41.74429969061165],[171.58757931291254,-41.72883908066074],[171.693106,-41.9094671],[171.4254611032966,-41.90977031824297]]]}}]}